Station,Station alias,	Date established,	Date closed,Declared reporting status,Assessed reporting status,Station type,WIGOS Station Identifier(s),WMO Region,Regional WIGOS Center,Country,Latitude,Longitude,Elevation,Geopositioning method,Time zone,Supervising organization,Station URL,Other link (URL),Site description,Climate zone,Predominant surface cover,Surface roughness,Topography or bathymetry,Population in 10km/50km,Programs/Network affiliation,	Last updated date,Last updated by
AADORF / TAENIKON,,	1970-01-01,,Operational,Operational,Land (fixed),0-20000-0-06679|primary,Europe,,Switzerland,47.479894,8.904917,539,GPS,,Federal Office of Meteorology and Climatology MeteoSwiss,https://www.meteoschweiz.admin.ch/home/messwerte.html?param=messnetz-automatisch&station=TAE,,,,,,,55|1750,"Ceilometers, GBON:Operational, GOS General:Operational, Non-affiliated:Operational",	2023-02-28,CHE NMHS 
ACQUAROSSA / COMPROVASCO,,	1877-02-01,,Operational,Operational,Land (fixed),0-20000-0-06756|primary,Europe,,Switzerland,46.459522,8.935481,575.32,GPS,,Federal Office of Meteorology and Climatology MeteoSwiss,https://www.meteoschweiz.admin.ch/home/messwerte.html?param=messnetz-automatisch&station=COM,,,,,,,4|180,"GBON:Operational, GOS General:Operational, Non-affiliated:Operational",	2019-06-04,CHE NMHS 
ADELBODEN,,	1899-08-01,,Operational,Operational,Land (fixed),0-20000-0-06735|primary,Europe,,Switzerland,46.492261,7.560422,1322.3,GPS,,Federal Office of Meteorology and Climatology MeteoSwiss,https://www.meteoschweiz.admin.ch/home/messwerte.html?param=messnetz-automatisch&station=ABO,,,,,,,6|380,"Ceilometers, GBON:Operational, GOS General:Operational, Non-affiliated:Operational",	2023-02-28,CHE NMHS 
AIGLE,,	1880-11-01,,Operational,Operational,Land (fixed),0-20000-0-06712|primary,Europe,,Switzerland,46.326644,6.924478,381.02,GPS,,Federal Office of Meteorology and Climatology MeteoSwiss,https://www.meteoschweiz.admin.ch/home/messwerte.html?param=messnetz-automatisch&station=AIG,,,,,,,33|580,"GBON:Operational, GOS General:Operational, Non-affiliated:Operational",	2019-06-04,CHE NMHS 
ALBIS,,	1987-01-01,,Operational,Unknown,Land (fixed),0-20000-0-06661|primary,Europe,,Switzerland,47.2841666667,8.5119444444,928,,,Federal Office of Meteorology and Climatology MeteoSwiss,,,The station was originally registered based on WMO Pub 9 Vol A information containing these observation remarks: WR (see code table A for explanations). These remarks imply the following additional observations that could not be registered automatically: none.,,,,,,GOS General:Operational,	2016-04-28,
ALPNACH,,	1996-08-01,,Operational,Unknown,Land (fixed),0-20000-0-06658|primary,Europe,,Switzerland,46.936231,8.281808,445,GPS,,Federal Office of Meteorology and Climatology MeteoSwiss,https://www.meteoschweiz.admin.ch/home/messwerte.html?param=messnetz-beobachtungen&station=ALP,,,,,,,38|710,GOS General:Operational,	2019-06-04,CHE NMHS 
ALTDORF,,	1864-05-01,,Operational,Operational,Land (fixed),0-20000-0-06672|primary,Europe,,Switzerland,46.887075,8.621889,438,GPS,,Federal Office of Meteorology and Climatology MeteoSwiss,https://www.meteoschweiz.admin.ch/home/messwerte.html?param=messnetz-automatisch&station=ALT,,,,,,,19|710,"Ceilometers, GBON:Operational, GOS General:Operational",	2023-02-28,CHE NMHS 
ALTDORF MIL,,,,Operational,Unknown,Land (fixed),0-20000-0-06844|primary,Europe,,Switzerland,46.8833333333,8.6377777778,447,,,Federal Office of Meteorology and Climatology MeteoSwiss,,,The station was originally registered based on WMO Pub 9 Vol A information containing these observation remarks: (see code table A for explanations). These remarks imply the following additional observations that could not be registered automatically: none.,,,,,,GOS General:Operational,	2016-04-28,
ALTENRHEIN,,	1993-01-15,,Operational,Operational,Land (fixed),0-20000-0-06690|primary,Europe,,Switzerland,47.483675,9.566797,398,GPS,,Federal Office of Meteorology and Climatology MeteoSwiss,https://www.meteoschweiz.admin.ch/home/messwerte.html?param=messnetz-automatisch&station=ARH,,,,,,,57|1020,"GBON:Operational, GOS General:Operational",	2019-06-04,CHE NMHS 
ANDEER,,	1892-01-11,,Operational,Operational,Land (fixed),0-20000-0-06787|primary,Europe,,Switzerland,46.610144,9.431969,987.1,GPS,,Federal Office of Meteorology and Climatology MeteoSwiss,https://www.meteoschweiz.admin.ch/home/messwerte.html?param=messnetz-automatisch&station=AND,,,,,,,4|160,"Ceilometers, GBON:Operational, GOS General:Operational",	2023-02-28,CHE NMHS 
ANDERMATT,,	1863-12-01,,Operational,Operational,Land (fixed),0-20000-0-06695|primary,Europe,,Switzerland,46.630917,8.580547,1434.5,GPS,,Federal Office of Meteorology and Climatology MeteoSwiss,https://www.meteoschweiz.admin.ch/home/messwerte.html?param=messnetz-automatisch&station=ANT,,,,,,,1|150,"Ceilometers, GBON:Operational, GOS General:Operational",	2023-02-28,CHE NMHS 
AROSA,,	1889-11-01,,Operational,Operational,Land (fixed),0-20000-0-06785|primary,Europe,,Switzerland,46.792622,9.679003,1878,GPS,,Federal Office of Meteorology and Climatology MeteoSwiss,https://www.meteoschweiz.admin.ch/home/messwerte.html?param=messnetz-automatisch&station=ARO,,,,,,,4|240,"GBON:Operational, GOS General:Operational",	2019-06-04,CHE NMHS 
AVENCHES,,,,Operational,Unknown,Land (fixed),0-20000-0-06611|primary,Europe,,Switzerland,46.8872222222,7.0141666667,435,,,Federal Office of Meteorology and Climatology MeteoSwiss,,,The station was originally registered based on WMO Pub 9 Vol A information containing these observation remarks: WP(S00-24) (see code table A for explanations). These remarks imply the following additional observations that could not be registered automatically: none.,,,,,,GOS General:Operational,	2016-04-28,
BACHTEL,,,,Operational,Unknown,Land (fixed),0-20000-0-06850|primary,Europe,,Switzerland,47.2947222222,8.8861111111,1115,,,Federal Office of Meteorology and Climatology MeteoSwiss,,,The station was originally registered based on WMO Pub 9 Vol A information containing these observation remarks: MONT;SNOW (see code table A for explanations). These remarks imply the following additional observations that could not be registered automatically: Observations of cloud below the level of the station; Snow survey.,,,,,,GOS General:Operational,	2016-04-28,
BAD RAGAZ,,	1870-06-01,,Operational,Operational,Land (fixed),0-20000-0-06686|primary,Europe,,Switzerland,47.016631,9.502586,496.5,GPS,,Federal Office of Meteorology and Climatology MeteoSwiss,https://www.meteoschweiz.admin.ch/home/messwerte.html?param=messnetz-automatisch&station=RAG,,,,,,,22|490,"GBON:Operational, GOS General:Operational",	2019-06-04,CHE NMHS 
BANTIGER,,	1992-12-17,,Operational,Unknown,Land (fixed),0-20000-0-06634|primary,Europe,,Switzerland,46.977806,7.528664,941.5,GPS,,Federal Office of Meteorology and Climatology MeteoSwiss,https://www.meteoschweiz.admin.ch/home/messwerte.html?param=messnetz-automatisch&station=BAN,,,,,,,135|1100,GOS General:Operational,	2019-06-04,CHE NMHS 
BARGEN,,,,Operational,Unknown,Land (fixed),0-20000-0-06622|primary,Europe,,Switzerland,47.7975,8.5944444444,740,,,Federal Office of Meteorology and Climatology MeteoSwiss,,,The station was originally registered based on WMO Pub 9 Vol A information containing these observation remarks: (see code table A for explanations). These remarks imply the following additional observations that could not be registered automatically: none.,,,,,,GOS General:Operational,	2016-04-28,
BASEL / BINNINGEN,,	1755-01-01,,Operational,Operational,Land (fixed),0-20000-0-06601|primary,Europe,,Switzerland,47.541136,7.583519,316.17,GPS,,Federal Office of Meteorology and Climatology MeteoSwiss,https://www.meteoschweiz.admin.ch/home/messwerte.html?param=messnetz-automatisch&station=BAS,,,,,,,346|1510,"GBON:Operational, GOS General:Operational, Non-affiliated:Operational, RBCN - deprecated:Closed, RBON:Operational",	2019-06-04,CHE NMHS 
BERGUEN / LATSCH,,	1892-01-14,,Operational,Operational,Land (fixed),0-20000-0-06642|primary,Europe,,Switzerland,46.627278,9.753694,1407.85,GPS,,Federal Office of Meteorology and Climatology MeteoSwiss,https://www.meteoschweiz.admin.ch/home/messwerte.html?param=messnetz-automatisch&station=LAT,,,,,,,2|150,GOS General:Operational,	2019-06-04,CHE NMHS 
BERN / BOLLWERK,,	1991-02-26,,Operational,Unknown,Land (fixed),0-20000-0-06901|primary,Europe,,Switzerland,46.950947,7.440436,535.8,GPS,,Federal Office of Meteorology and Climatology MeteoSwiss,http://www.meteoswiss.ch,,,,,,,210|1080,GOS General:Operational,	2019-06-04,CHE NMHS 
BERN / ZOLLIKOFEN,,	1863-12-01,,Operational,Operational,Land (fixed),0-20000-0-06631|primary,Europe,,Switzerland,46.990744,7.464061,552.84,GPS,,Federal Office of Meteorology and Climatology MeteoSwiss,https://www.meteoschweiz.admin.ch/home/messwerte.html?param=messnetz-automatisch&station=BER,,,,,,,168|1120,"GBON:Operational, GOS General:Operational, Non-affiliated:Operational",	2019-06-04,CHE NMHS 
BERN-BELPMOOS,,,,Operational,Unknown,Land (fixed),0-20000-0-06630|primary,Europe,,Switzerland,46.9061111111,7.5052777778,510,,,Federal Office of Meteorology and Climatology MeteoSwiss,,,The station was originally registered based on WMO Pub 9 Vol A information containing these observation remarks: A;METAR (see code table A for explanations). These remarks imply the following additional observations that could not be registered automatically: none.,,,,,,"Ceilometers, GOS General:Operational",	2023-02-28,CHE NMHS 
BEROMUENSTER,,	2017-03-14,,Operational,Unknown,Land (fixed),0-20000-0-06910|primary,Europe,,Switzerland,47.189583,8.175461,797,GPS,UTC+1,Federal Office of Meteorology and Climatology MeteoSwiss,http://www.meteoswiss.ch,,,,,,,,"EMEP:Operational, GAW Regional, GOS General:Operational",	2021-06-10,Christoph Hüglin
BEZNAU,,	1981-01-01,,Operational,Operational,Land (fixed),0-20000-0-06646|primary,Europe,,Switzerland,47.557256,8.233311,325.57,GPS,,Federal Office of Meteorology and Climatology MeteoSwiss,https://www.meteoschweiz.admin.ch/home/messwerte.html?param=messnetz-automatisch&station=BEZ,,,,,,,57|1670,"GBON:Operational, GOS General:Operational",	2019-06-04,CHE NMHS 
BIASCA,,	1882-12-01,,Operational,Operational,Land (fixed),0-756-0-BIA|primary,Europe,,Switzerland,46.336122,8.978394,278,GPS,,Federal Office of Meteorology and Climatology MeteoSwiss,https://www.meteoschweiz.admin.ch/home/messwerte.html?param=messnetz-automatisch&station=BIA,,,,,,,10|340,"Ceilometers, GBON:Operational, GOS General:Operational",	2023-02-28,CHE NMHS 
BIEL,,,,Operational,Unknown,Land (fixed),0-20000-0-06607|primary,Europe,,Switzerland,47.1202777778,7.2575,433,,,Federal Office of Meteorology and Climatology MeteoSwiss,,,The station was originally registered based on WMO Pub 9 Vol A information containing these observation remarks: (see code table A for explanations). These remarks imply the following additional observations that could not be registered automatically: none.,,,,,,GOS General:Operational,	2016-04-28,
BIERE,,	1883-01-01,,Operational,Operational,Land (fixed),0-20000-0-06704|primary,Europe,,Switzerland,46.524906,6.342392,683.64,GPS,,Federal Office of Meteorology and Climatology MeteoSwiss,https://www.meteoschweiz.admin.ch/home/messwerte.html?param=messnetz-automatisch&station=BIE,,,,,,,21|1130,"GBON:Operational, GOS General:Operational",	2019-06-04,CHE NMHS 
BINN,,	1899-08-01,,Operational,Operational,Land (fixed),0-20000-0-06721|primary,Europe,,Switzerland,46.367667,8.192306,1479,GPS,,Federal Office of Meteorology and Climatology MeteoSwiss,https://www.meteoschweiz.admin.ch/home/messwerte.html?param=messnetz-automatisch&station=BIN,,,,,,,2|130,GOS General:Operational,	2019-06-04,CHE NMHS 
BISCHOFSZELL / SITTERDORF,BISCHOFSZELL,	1879-06-07,,Operational,Operational,Land (fixed),0-20000-0-06678|primary,Europe,,Switzerland,47.50882778,9.266797222,507,GPS,,Federal Office of Meteorology and Climatology MeteoSwiss,https://www.meteoschweiz.admin.ch/home/messwerte.html?param=messnetz-automatisch&station=BIZ,,,,,,,51|1040,"GBON:Operational, GOS General:Operational",	2021-11-08,Franziska Stürzl
BIVIO,,	1864-01-01,,Operational,Operational,Land (fixed),0-20000-0-06774|primary,Europe,,Switzerland,46.4625,9.668625,1856,GPS,,Federal Office of Meteorology and Climatology MeteoSwiss,https://www.meteoschweiz.admin.ch/home/messwerte.html?param=messnetz-automatisch&station=BIV,,,,,,,2|200,GOS General:Operational,	2019-06-04,CHE NMHS 
"BLATTEN, LOETSCHENTAL",,	2000-08-17,,Operational,Operational,Land (fixed),0-20000-0-06725|primary,Europe,,Switzerland,46.420453,7.823197,1538,GPS,,Federal Office of Meteorology and Climatology MeteoSwiss,https://www.meteoschweiz.admin.ch/home/messwerte.html?param=messnetz-automatisch&station=BLA,,,,,,,,"GBON:Operational, GOS General:Operational",	2019-06-04,CHE NMHS 
BOLTIGEN,,	1981-05-19,,Operational,Operational,Land (fixed),0-20000-0-06733|primary,Europe,,Switzerland,46.623522,7.384208,820,GPS,,Federal Office of Meteorology and Climatology MeteoSwiss,https://www.meteoschweiz.admin.ch/home/messwerte.html?param=messnetz-automatisch&station=BOL,,,,,,,4|770,"Ceilometers, GBON:Operational, GOS General:Operational",	2023-02-28,CHE NMHS 
BOUVERET,,	1993-09-14,,Operational,Operational,Land (fixed),0-20000-0-06709|primary,Europe,,Switzerland,46.393444,6.857011,374,GPS,,Federal Office of Meteorology and Climatology MeteoSwiss,https://www.meteoschweiz.admin.ch/home/messwerte.html?param=messnetz-automatisch&station=BOU,,,,,,,43|690,"GBON:Operational, GOS General:Operational",	2019-06-04,CHE NMHS 
BRIENZ,,	1899-08-01,,Operational,Operational,Land (fixed),0-20000-0-06656|primary,Europe,,Switzerland,46.740722,8.060858,567.15,GPS,,Federal Office of Meteorology and Climatology MeteoSwiss,https://www.meteoschweiz.admin.ch/home/messwerte.html?param=messnetz-automatisch&station=BRZ,,,,,,,9|360,"GBON:Operational, GOS General:Operational",	2019-06-04,CHE NMHS 
BUCHS / AARAU,,	1984-05-22,,Operational,Operational,Land (fixed),0-20000-0-06633|primary,Europe,,Switzerland,47.384381,8.079539,386.66,GPS,,Federal Office of Meteorology and Climatology MeteoSwiss,https://www.meteoschweiz.admin.ch/home/messwerte.html?param=messnetz-automatisch&station=BUS,,,,,,,92|1420,"Ceilometers, GBON:Operational, GOS General:Operational, Non-affiliated:Operational",	2023-02-28,CHE NMHS 
BUFFALORA,,	1916-10-05,,Operational,Operational,Land (fixed),0-20000-0-06778|primary,Europe,,Switzerland,46.648139,10.267183,1968,GPS,,Federal Office of Meteorology and Climatology MeteoSwiss,https://www.meteoschweiz.admin.ch/home/messwerte.html?param=messnetz-automatisch&station=BUF,,,,,,,1|90,"GBON:Operational, GOS General:Operational",	2019-06-04,CHE NMHS 
BULLET / LA FRETAZ,,	1950-03-01,,Operational,Operational,Land (fixed),0-20000-0-06619|primary,Europe,,Switzerland,46.840619,6.576372,1205.43,GPS,,Federal Office of Meteorology and Climatology MeteoSwiss,https://www.meteoschweiz.admin.ch/home/messwerte.html?param=messnetz-automatisch&station=FRE,,,,,,,13|680,"GBON:Operational, GOS General:Operational, Non-affiliated:Operational",	2019-06-04,CHE NMHS 
BUOCHS,,	1988-01-01,	2017-03-01,Closed,Unknown,Land (fixed),0-20000-0-06806|primary,Europe,,Switzerland,46.9769444444,8.3908333333,442,,,Federal Office of Meteorology and Climatology MeteoSwiss,,,The station was originally registered based on WMO Pub 9 Vol A information containing these observation remarks: A;METAR (see code table A for explanations). These remarks imply the following additional observations that could not be registered automatically: none.,,,,,,GOS General:Closed,	2017-03-21,dwhservice dwhservice
CEVIO,,	1898-12-01,,Operational,Operational,Land (fixed),0-20000-0-06752|primary,Europe,,Switzerland,46.320494,8.603161,417,GPS,,Federal Office of Meteorology and Climatology MeteoSwiss,https://www.meteoschweiz.admin.ch/home/messwerte.html?param=messnetz-automatisch&station=CEV,,,,,,,1|280,"Ceilometers, GBON:Operational, GOS General:Operational",	2023-02-28,CHE NMHS 
CHAM,,	1993-06-10,,Operational,Operational,Land (fixed),0-20000-0-06674|primary,Europe,,Switzerland,47.188278,8.464631,442.5,GPS,,Federal Office of Meteorology and Climatology MeteoSwiss,https://www.meteoschweiz.admin.ch/home/messwerte.html?param=messnetz-automatisch&station=CHZ,,,,,,,84|2020,"GBON:Operational, GOS General:Operational",	2019-06-04,CHE NMHS 
CHASSERAL,,	1981-01-01,,Operational,Operational,Land (fixed),0-20000-0-06605|primary,Europe,,Switzerland,47.131753,7.054367,1599,GPS,,Federal Office of Meteorology and Climatology MeteoSwiss,https://www.meteoschweiz.admin.ch/home/messwerte.html?param=messnetz-automatisch&station=CHA,,,,,,,17|890,"GBON:Operational, GOS General:Operational",	2019-06-04,CHE NMHS 
CHATEAU-D'OEX,,	1879-01-01,,Operational,Operational,Land (fixed),0-20000-0-06627|primary,Europe,,Switzerland,46.479817,7.139661,1028,GPS,,Federal Office of Meteorology and Climatology MeteoSwiss,https://www.meteoschweiz.admin.ch/home/messwerte.html?param=messnetz-automatisch&station=CHD,,,,,,,4|520,"GBON:Operational, GOS General:Operational",	2019-06-04,CHE NMHS 
CHAUMONT,,	1863-11-09,,Operational,Operational,Land (fixed),0-20000-0-06608|primary,Europe,,Switzerland,47.049164,6.978828,1136,GPS,,Federal Office of Meteorology and Climatology MeteoSwiss,https://www.meteoschweiz.admin.ch/home/messwerte.html?param=messnetz-automatisch&station=CHM,,,,,,,52|730,"GBON:Operational, GOS General:Operational",	2019-06-04,CHE NMHS 
CHAUMONT / BOSSET,,,,Operational,Unknown,Land (fixed),0-20000-0-06902|primary,Europe,,Switzerland,47.0494444444,6.9791666667,1135.85,,,Federal Office of Meteorology and Climatology MeteoSwiss,,,The station was originally registered based on WMO Pub 9 Vol A information containing these observation remarks: AUT;RAD;SOLRA (see code table A for explanations). These remarks imply the following additional observations that could not be registered automatically: Radiation measurements; Solar radiation measurements.,,,,,,GOS General:Operational,	2016-04-28,
CHUR,,	1863-10-01,,Operational,Operational,Land (fixed),0-20000-0-06786|primary,Europe,,Switzerland,46.870369,9.5305,556,GPS,,Federal Office of Meteorology and Climatology MeteoSwiss,https://www.meteoschweiz.admin.ch/home/messwerte.html?param=messnetz-automatisch&station=CHU,,,,,,,43|280,"Ceilometers, GBON:Operational, GOS General:Operational, Non-affiliated:Operational",	2023-02-28,CHE NMHS 
CIMETTA,,	1981-12-21,,Operational,Operational,Land (fixed),0-20000-0-06759|primary,Europe,,Switzerland,46.200475,8.79165,1661,GPS,,Federal Office of Meteorology and Climatology MeteoSwiss,https://www.meteoschweiz.admin.ch/home/messwerte.html?param=messnetz-automatisch&station=CIM,,,,,,,40|700,"GBON:Operational, GOS General:Operational",	2019-06-04,CHE NMHS 
COL DES MOSSES,,	1971-09-01,,Operational,Operational,Land (fixed),0-20000-0-06713|primary,Europe,,Switzerland,46.391522,7.098247,1412,GPS,,Federal Office of Meteorology and Climatology MeteoSwiss,https://www.meteoschweiz.admin.ch/home/messwerte.html?param=messnetz-automatisch&station=CDM,,,,,,,5|450,GOS General:Operational,	2019-06-04,CHE NMHS 
COL DU GRAND ST-BERNARD,,	1818-01-01,,Operational,Operational,Land (fixed),0-20000-0-06717|primary,Europe,,Switzerland,45.869092,7.170697,2472,GPS,,Federal Office of Meteorology and Climatology MeteoSwiss,https://www.meteoschweiz.admin.ch/home/messwerte.html?param=messnetz-automatisch&station=GSB,,,,,,,2|200,"Centennial Observing Stations:Operational, GBON:Operational, GOS General:Operational, GSN:Operational, RBCN - deprecated:Closed, RBON:Operational",	2019-06-05,Lucia Cappelletti
COURTELARY,,	1912-01-01,,Operational,Operational,Land (fixed),0-20000-0-06710|primary,Europe,,Switzerland,47.180806,7.090653,695,GPS,,Federal Office of Meteorology and Climatology MeteoSwiss,https://www.meteoschweiz.admin.ch/home/messwerte.html?param=messnetz-automatisch&station=COY,,,,,,,15|930,GOS General:Operational,	2019-06-04,CHE NMHS 
CRAP MASEGN,,	1992-02-17,,Operational,Operational,Land (fixed),0-20000-0-06688|primary,Europe,,Switzerland,46.842294,9.179989,2480,GPS,,Federal Office of Meteorology and Climatology MeteoSwiss,https://www.meteoschweiz.admin.ch/home/messwerte.html?param=messnetz-automatisch&station=CMA,,,,,,,6|240,"GBON:Operational, GOS General:Operational",	2019-06-04,CHE NMHS 
CRESSIER,,	1991-10-15,,Operational,Operational,Land (fixed),0-20000-0-06606|primary,Europe,,Switzerland,47.047575,7.059147,430.3,GPS,,Federal Office of Meteorology and Climatology MeteoSwiss,https://www.meteoschweiz.admin.ch/home/messwerte.html?param=messnetz-automatisch&station=CRM,,,,,,,28|870,"GBON:Operational, GOS General:Operational",	2019-06-04,CHE NMHS 
DAVOS,,	1866-12-01,,Operational,Operational,Land (fixed),0-20000-0-06784|primary,Europe,,Switzerland,46.812972,9.843547,1594.16,GPS,,Federal Office of Meteorology and Climatology MeteoSwiss,https://www.meteoschweiz.admin.ch/home/messwerte.html?param=messnetz-automatisch&station=DAV,,,,,,,6|190,"Ceilometers, GBON:Operational, GOS General:Operational, Non-affiliated:Operational",	2023-02-28,CHE NMHS 
DAVOS / SEEHORNWALD,,	1991-07-01,,Operational,Unknown,Land (fixed),0-20000-0-06903|primary,Europe,,Switzerland,46.815283,9.855994,1637,GPS,,Federal Office of Meteorology and Climatology MeteoSwiss,http://www.meteoswiss.ch,,,,,,,6|190,GOS General:Operational,	2019-06-04,CHE NMHS 
DELEMONT,,	1892-07-14,,Operational,Operational,Land (fixed),0-20000-0-06602|primary,Europe,,Switzerland,47.351703,7.349561,439,GPS,,Federal Office of Meteorology and Climatology MeteoSwiss,https://www.meteoschweiz.admin.ch/home/messwerte.html?param=messnetz-automatisch&station=DEM,,,,,,,32|1360,"Ceilometers, GBON:Operational, GOS General:Operational",	2023-02-28,CHE NMHS 
DISENTIS,,	1948-01-01,,Operational,Operational,Land (fixed),0-20000-0-06782|primary,Europe,,Switzerland,46.706572,8.853472,1197.05,GPS,,Federal Office of Meteorology and Climatology MeteoSwiss,https://www.meteoschweiz.admin.ch/home/messwerte.html?param=messnetz-automatisch&station=DIS,,,,,,,2|130,"Ceilometers, GBON:Operational, GOS General:Operational",	2023-02-28,CHE NMHS 
DUEBENDORF,,	1880-01-01,,Operational,Unknown,Land (fixed),0-20000-0-06807|primary,Europe,,Switzerland,47.401611,8.633708,435,GPS,,Federal Office of Meteorology and Climatology MeteoSwiss,http://www.meteoswiss.ch,,,,,,,232|2000,GOS General:Operational,	2019-06-04,CHE NMHS 
DUEBENDORF / GIESSEN,,	1991-01-01,,Operational,Unknown,Land (fixed),0-20000-0-06904|primary,Europe,,Switzerland,47.402764,8.613594,432.2,GPS,,Federal Office of Meteorology and Climatology MeteoSwiss,http://www.meteoswiss.ch,,,,,,,321|2050,GOS General:Operational,	2019-06-04,CHE NMHS 
Davos ASRB (SLF),Davos_SLF_asrb,	1994-09-01,,Operational,Unknown,Land (fixed),0-756-1-799649|primary,Europe,,Switzerland,46.812766,9.848263,1563,From map,UTC+1,WSL Institute for Snow and Avalanche Research SLF,,,"The WSL Institute for Snow and Avalanche Research SLF (WSL/SLF) took over the responsibility for the continuation of those measurements. All ASRB instruments were mounted on the automatic station Stilli (SLF) (0-756-1-927792), which primarily delivers nivo-meteorological data to the Swiss Inter cantonal Measurement and Information System (IMIS) network (ID: SLF2).",Polar - Tundra,Mosaic grassland (50-70%) / forest or shrubland (20-50%) (Surface cover types (GlobCover2009)),"Closed (Regular large obstacle COVER (suburb, forest))",A valley bottom at middle relative elevation within mountains of high altitude,,Non-affiliated:Operational,	2020-11-08,Charles Fierz
Davos Stilli (SLF),,	1997-11-19,,Operational,Unknown,Land (fixed),0-756-1-927792|primary,Europe,,Switzerland,46.812766,9.848263,1563,From map,UTC+1,WSL Institute for Snow and Avalanche Research SLF,http://globalcryospherewatch.org/cryonet/sitepage.php?surveyid=77,https://www.slf.ch/en/avalanche-bulletin-and-snow-situation/measured-values.html#opened,"The Cryonet station Davos Stilli (SLF) is located close to the WSL/SLF offices, even though outside its premises. The station belongs to the Swiss Inter cantonal Measurement and Information System (IMIS) network (ID: SLF2) but is owned by WSL/SLF. _ GCW attributes: CryoNet reference research station in an Alpine valley. _ Additional cryosphere measurements: Snow surface temperature Snow temperatures at 25, 50, and 100 cm above ground _",Polar - Tundra,Mosaic grassland (50-70%) / forest or shrubland (20-50%) (Surface cover types (GlobCover2009)),"Closed (Regular large obstacle COVER (suburb, forest))",A valley bottom at middle relative elevation within rises of high altitude,,"GCW CryoNet station:Operational, Non-affiliated:Operational",	2020-11-09,Charles Fierz
Davos observer station (SLF),Davos Flüelastrasse,	1945-10-01,,Operational,Unknown,Land (fixed),0-756-1-601286|primary,Europe,,Switzerland,46.812703,9.848286,1563,From map,UTC+1,WSL Institute for Snow and Avalanche Research SLF,http://globalcryospherewatch.org/cryonet/sitepage.php?surveyid=77,https://www.slf.ch/en/avalanche-bulletin-and-snow-situation/measured-values.html#opened,"Daily snow depth measurements in Davos date back to the late 1800s and were performed at various location within the limits of the town. This is nicely exemplified by the time series dating back to 1893 and associated with today's SwissMetNet station DAVOS (0-20000-0-06784). On the other hand, in winter 1946 the Rhaetian Railway (RhB) started to measure snow depth near the train station of Davos Dorf. It was not before winter 1968 that the station was relocated near the current building of the WSL Institute for Snow and Avalanche Research SLF (WSL/SLF) in the Davos valley bottom, where snow depth, depth of snowfall and water equivalent of snow cover (SWE) are still measured nowadays. Parallel to the snow depth measurements of RhB, the Swiss Federal Institute for Snow and Avalanche Research (SFISAR) took SWE measurements at Bühl in Davos Dorf from 1947 to 1950 and at the Kurpark in Davos Platz from 1951 to 1970. These measurements by the Rhaetian Railway, SFISAR, and WSL/SLF make up the second long term series of manned snow observations in Davos. Nowadays the site for manual snow observations is located close to the WSL/SLF offices, even though outside its premises, and near the automatic station Davos Stilli (SLF). The Davos SLF observer station belongs to the operational observer network of the Swiss Avalanche Warning Service and is part of the Swiss GCOS snow station network. _ GCW attributes: GCW contributing reference station in an Alpine valley. _",Polar - Tundra,Mosaic grassland (50-70%) / forest or shrubland (20-50%) (Surface cover types (GlobCover2009)),"Closed (Regular large obstacle COVER (suburb, forest))",A valley bottom at middle relative elevation within rises of high altitude,,"GCW Contributing station:Operational, Non-affiliated:Operational",	2020-11-09,Charles Fierz
EBNAT-KAPPEL,,	1879-08-01,,Operational,Operational,Land (fixed),0-20000-0-06693|primary,Europe,,Switzerland,47.273389,9.108486,623.2,GPS,,Federal Office of Meteorology and Climatology MeteoSwiss,https://www.meteoschweiz.admin.ch/home/messwerte.html?param=messnetz-automatisch&station=EBK,,,,,,,25|970,"Ceilometers, GBON:Operational, GOS General:Operational",	2023-02-28,CHE NMHS 
EGGISHORN,,	1993-10-20,,Operational,Operational,Land (fixed),0-20000-0-06739|primary,Europe,,Switzerland,46.426533,8.092728,2893,GPS,,Federal Office of Meteorology and Climatology MeteoSwiss,https://www.meteoschweiz.admin.ch/home/messwerte.html?param=messnetz-automatisch&station=EGH,,,,,,,4|160,"GBON:Operational, GOS General:Operational",	2019-06-04,CHE NMHS 
EGOLZWIL,,	1973-08-01,,Operational,Operational,Land (fixed),0-20000-0-06648|primary,Europe,,Switzerland,47.179428,8.00475,521.9,GPS,,Federal Office of Meteorology and Climatology MeteoSwiss,https://www.meteoschweiz.admin.ch/home/messwerte.html?param=messnetz-automatisch&station=EGO,,,,,,,44|1180,"GBON:Operational, GOS General:Operational",	2019-06-04,CHE NMHS 
EINSIEDELN,,	1863-10-01,,Operational,Operational,Land (fixed),0-20000-0-06675|primary,Europe,,Switzerland,47.133042,8.756547,910.7,GPS,,Federal Office of Meteorology and Climatology MeteoSwiss,https://www.meteoschweiz.admin.ch/home/messwerte.html?param=messnetz-automatisch&station=EIN,,,,,,,39|1560,"GBON:Operational, GOS General:Operational",	2019-06-04,CHE NMHS 
ELM,,	1878-02-01,,Operational,Operational,Land (fixed),0-20000-0-06682|primary,Europe,,Switzerland,46.92375,9.175339,957.6,GPS,,Federal Office of Meteorology and Climatology MeteoSwiss,https://www.meteoschweiz.admin.ch/home/messwerte.html?param=messnetz-automatisch&station=ELM,,,,,,,4|330,"GBON:Operational, GOS General:Operational",	2019-06-04,CHE NMHS 
EMMEN,,	2011-01-01,,Operational,Unknown,Land (fixed),0-20000-0-06805|primary,Europe,,Switzerland,47.084294,8.295964,426,GPS,,Federal Office of Meteorology and Climatology MeteoSwiss,http://www.meteoswiss.ch,,,,,,,,GOS General:Operational,	2019-06-04,CHE NMHS 
ENGELBERG,,	1863-10-01,,Operational,Operational,Land (fixed),0-20000-0-06655|primary,Europe,,Switzerland,46.821642,8.410506,1035.66,GPS,,Federal Office of Meteorology and Climatology MeteoSwiss,https://www.meteoschweiz.admin.ch/home/messwerte.html?param=messnetz-automatisch&station=ENG,,,,,,,5|510,"GBON:Operational, GOS General:Operational",	2019-06-04,CHE NMHS 
EVIONNAZ,,	1993-08-30,,Operational,Operational,Land (fixed),0-20000-0-06715|primary,Europe,,Switzerland,46.18295,7.026756,482,GPS,,Federal Office of Meteorology and Climatology MeteoSwiss,https://www.meteoschweiz.admin.ch/home/messwerte.html?param=messnetz-automatisch&station=EVI,,,,,,,18|340,"GBON:Operational, GOS General:Operational",	2019-06-04,CHE NMHS 
EVOLENE / VILLA,,	1986-09-23,,Operational,Operational,Land (fixed),0-20000-0-06722|primary,Europe,,Switzerland,46.112214,7.508639,1825,GPS,,Federal Office of Meteorology and Climatology MeteoSwiss,https://www.meteoschweiz.admin.ch/home/messwerte.html?param=messnetz-automatisch&station=EVO,,,,,,,2|240,"GBON:Operational, GOS General:Operational",	2019-06-04,CHE NMHS 
FAHY,,	1957-01-01,,Operational,Operational,Land (fixed),0-20000-0-06616|primary,Europe,,Switzerland,47.423811,6.941189,596,GPS,,Federal Office of Meteorology and Climatology MeteoSwiss,https://www.meteoschweiz.admin.ch/home/messwerte.html?param=messnetz-automatisch&station=FAH,,,,,,,32|640,"GBON:Operational, GOS General:Operational, Non-affiliated:Operational",	2019-06-04,CHE NMHS 
FLUEHLI,,	1882-08-01,,Operational,Operational,Land (fixed),0-20000-0-06652|primary,Europe,,Switzerland,46.889436,8.020328,939.75,GPS,,Federal Office of Meteorology and Climatology MeteoSwiss,https://www.meteoschweiz.admin.ch/home/messwerte.html?param=messnetz-automatisch&station=FLU,,,,,,,9|650,GOS General:Operational,	2019-06-04,CHE NMHS 
FRIBOURG / POSIEUX,,	1863-12-01,,Operational,Operational,Land (fixed),0-20000-0-06625|primary,Europe,,Switzerland,46.7714,7.113739,650.6,GPS,,Federal Office of Meteorology and Climatology MeteoSwiss,https://www.meteoschweiz.admin.ch/home/messwerte.html?param=messnetz-automatisch&station=GRA,,,,,,,68|860,"GBON:Operational, GOS General:Operational, Non-affiliated:Operational",	2019-06-04,CHE NMHS 
FRUTIGEN,,	1871-07-01,,Operational,Operational,Land (fixed),0-20000-0-06613|primary,Europe,,Switzerland,46.599006,7.657542,756,GPS,,Federal Office of Meteorology and Climatology MeteoSwiss,https://www.meteoschweiz.admin.ch/home/messwerte.html?param=messnetz-automatisch&station=FRU,,,,,,,14|550,GOS General:Operational,	2019-06-04,CHE NMHS 
Flüela permafrost,Flüelapass,	2002-10-01,,Operational,Unknown,Land (fixed),0-756-1-387493|primary,Europe,,Switzerland,46.752729,9.946457,2394,From map,UTC+1,WSL Institute for Snow and Avalanche Research SLF,https://www.permos.ch/data-portal/permafrost-temperature-and-active-layer,http://globalcryospherewatch.org/cryonet/sitepage.php?surveyid=39,"The Flüela station is part of the Swiss Permafrost Monitoring Network (PERMOS; www.permos.ch). The station is important to monitor and analyse the evolution of ground temperature, permafrost thickness, and the degradation of ground ice in talus deposits, which are important forms of debris storage in mountain environments and can cause mass movements, subsidence or instability of mountain infrastructure. It is the first permafrost research site of the Swiss Alps (Haeberli 1975). Two boreholes were drilled in 2002, instrumented with thermistor chains, one being still in use with ground temperatures measured down to 25 m. The station also delivers data to the Swiss Inter cantonal Measurement and Information System (IMIS) network used by the Swiss Avalanche Warning Service WSL/SLF (https://whiterisk.ch/fr/conditions/measurements/station/IMIS/FLU2). _ Additional cryosphere measurements: - Snow (gentle grassy slope): Snow surface temperature Snow temperatures at 25, 50, and 100 cm above ground (from 2003 to 2020) - Permafrost (talus slope): Daily photographs of site and regular high resolution aerial photographs; Electrical Resistance Tomography (ERT) and seismic measurements were done in 1975 and from 2009 to 2012. _",Polar - Tundra,Grasslands(Surface cover types (IGBP)),(inapplicable),A slope at middle relative elevation within rises of high altitude,,"GCW CryoNet station:Operational, Non-affiliated:Operational",	2024-06-17,Charles Fierz
GAMS,,,,Operational,Unknown,Land (fixed),0-20000-0-06857|primary,Europe,,Switzerland,47.1977777778,9.4236111111,701,,,Federal Office of Meteorology and Climatology MeteoSwiss,,,The station was originally registered based on WMO Pub 9 Vol A information containing these observation remarks: MONT;SNOW (see code table A for explanations). These remarks imply the following additional observations that could not be registered automatically: Observations of cloud below the level of the station; Snow survey.,,,,,,GOS General:Operational,	2016-04-28,
GENEVE / COINTRIN,,	1958-02-01,,Operational,Operational,Land (fixed),0-20000-0-06700|primary,Europe,,Switzerland,46.247517,6.12775,410.88,GPS,,Federal Office of Meteorology and Climatology MeteoSwiss,https://www.meteoschweiz.admin.ch/home/messwerte.html?param=messnetz-automatisch&station=GVE,,,,,,,387|1090,"Ceilometers, GBON:Operational, RBCN - deprecated:Closed, RBON:Operational, RBSN(S) - deprecated:Closed",	2023-02-28,CHE NMHS 
GERSAU,,	1866-11-01,,Operational,Operational,Land (fixed),0-20000-0-06653|primary,Europe,,Switzerland,46.996072,8.523433,521,GPS,,Federal Office of Meteorology and Climatology MeteoSwiss,https://www.meteoschweiz.admin.ch/home/messwerte.html?param=messnetz-automatisch&station=GES,,,,,,,19|1130,GOS General:Operational,	2019-06-04,CHE NMHS 
GISWIL,,	1976-07-01,,Operational,Operational,Land (fixed),0-20000-0-06657|primary,Europe,,Switzerland,46.84945,8.190217,471,GPS,,Federal Office of Meteorology and Climatology MeteoSwiss,https://www.meteoschweiz.admin.ch/home/messwerte.html?param=messnetz-automatisch&station=GIH,,,,,,,13|530,"GBON:Operational, GOS General:Operational",	2019-06-04,CHE NMHS 
GLARUS,,	1863-10-01,,Operational,Operational,Land (fixed),0-20000-0-06685|primary,Europe,,Switzerland,47.034589,9.066953,516.62,GPS,,Federal Office of Meteorology and Climatology MeteoSwiss,https://www.meteoschweiz.admin.ch/home/messwerte.html?param=messnetz-automatisch&station=GLA,,,,,,,18|470,"Ceilometers, GBON:Operational, GOS General:Operational",	2023-02-28,CHE NMHS 
GOESCHENEN,,	1872-07-17,,Operational,Operational,Land (fixed),0-20000-0-06668|primary,Europe,,Switzerland,46.692681,8.595356,950.3,GPS,,Federal Office of Meteorology and Climatology MeteoSwiss,https://www.meteoschweiz.admin.ch/home/messwerte.html?param=messnetz-automatisch&station=GOS,,,,,,,1|170,"GBON:Operational, GOS General:Operational",	2019-06-04,CHE NMHS 
GOESGEN,,	1981-11-03,,Operational,Operational,Land (fixed),0-20000-0-06626|primary,Europe,,Switzerland,47.363144,7.973725,380,GPS,,Federal Office of Meteorology and Climatology MeteoSwiss,https://www.meteoschweiz.admin.ch/home/messwerte.html?param=messnetz-automatisch&station=GOE,,,,,,,104|1340,"GBON:Operational, GOS General:Operational",	2019-06-04,CHE NMHS 
GORNERGRAT,,	1993-07-28,,Operational,Operational,Land (fixed),0-20000-0-06749|primary,Europe,,Switzerland,45.983636,7.78575,3129,GPS,,Federal Office of Meteorology and Climatology MeteoSwiss,https://www.meteoschweiz.admin.ch/home/messwerte.html?param=messnetz-automatisch&station=GOR,,,,,,,4|170,"GBON:Operational, GOS General:Operational",	2019-06-04,CHE NMHS 
GRAECHEN,,	1863-12-01,,Operational,Operational,Land (fixed),0-20000-0-06728|primary,Europe,,Switzerland,46.195319,7.836828,1605,GPS,,Federal Office of Meteorology and Climatology MeteoSwiss,https://www.meteoschweiz.admin.ch/home/messwerte.html?param=messnetz-automatisch&station=GRC,,,,,,,7|150,"GBON:Operational, GOS General:Operational",	2019-06-04,CHE NMHS 
GRENCHEN,,	1883-05-01,,Operational,Operational,Land (fixed),0-20000-0-06632|primary,Europe,,Switzerland,47.179094,7.415139,427.9,GPS,,Federal Office of Meteorology and Climatology MeteoSwiss,https://www.meteoschweiz.admin.ch/home/messwerte.html?param=messnetz-automatisch&station=GRE,,,,,,,48|1240,"Ceilometers, GBON:Operational, GOS General:Operational, Wind Profilers",	2023-02-28,CHE NMHS 
GRIMSEL HOSPIZ,,	1864-01-01,,Operational,Operational,Land (fixed),0-20000-0-06744|primary,Europe,,Switzerland,46.571692,8.333253,1980,GPS,,Federal Office of Meteorology and Climatology MeteoSwiss,https://www.meteoschweiz.admin.ch/home/messwerte.html?param=messnetz-automatisch&station=GRH,,,,,,,0|120,"GBON:Operational, GOS General:Operational",	2023-11-03,Lucia Cappelletti
GRONO,,	1901-01-01,,Operational,Operational,Land (fixed),0-20000-0-06758|primary,Europe,,Switzerland,46.255083,9.16375,323.52,GPS,,Federal Office of Meteorology and Climatology MeteoSwiss,https://www.meteoschweiz.admin.ch/home/messwerte.html?param=messnetz-automatisch&station=GRO,,,,,,,5|420,"GBON:Operational, GOS General:Operational",	2019-06-04,CHE NMHS 
"GUETSCH, ANDERMATT",,	1958-01-01,,Operational,Operational,Land (fixed),0-20000-0-06750|primary,Europe,,Switzerland,46.652436,8.615047,2283,GPS,,Federal Office of Meteorology and Climatology MeteoSwiss,https://www.meteoschweiz.admin.ch/home/messwerte.html?param=messnetz-automatisch&station=GUE,,,,,,,2|140,"GBON:Operational, GOS General:Operational",	2019-06-04,CHE NMHS 
GUETTINGEN,,	1976-05-25,,Operational,Operational,Land (fixed),0-20000-0-06621|primary,Europe,,Switzerland,47.601736,9.279419,440.02,GPS,,Federal Office of Meteorology and Climatology MeteoSwiss,https://www.meteoschweiz.admin.ch/home/messwerte.html?param=messnetz-automatisch&station=GUT,,,,,,,29|1040,"GBON:Operational, GOS General:Operational, Non-affiliated:Operational",	2019-06-04,CHE NMHS 
HAERKINGEN,,	1991-06-14,,Operational,Unknown,Land (fixed),0-20000-0-06905|primary,Europe,,Switzerland,47.311864,7.820372,430.9,GPS,,Federal Office of Meteorology and Climatology MeteoSwiss,http://www.meteoswiss.ch,,,,,,,61|1420,GOS General:Operational,	2019-06-04,CHE NMHS 
HALLAU,,	1886-07-01,,Operational,Operational,Land (fixed),0-20000-0-06624|primary,Europe,,Switzerland,47.697278,8.470458,419,GPS,,Federal Office of Meteorology and Climatology MeteoSwiss,https://www.meteoschweiz.admin.ch/home/messwerte.html?param=messnetz-automatisch&station=HLL,,,,,,,23|1790,"GBON:Operational, GOS General:Operational",	2019-06-04,CHE NMHS 
HERISAU,SITTERDORF,	2019-01-17,	2019-01-28,Closed,Unknown,Land (fixed),0-20000-0-06842|primary,Europe,,Switzerland,47.3893361111,9.2866944444,772,,UTC+1,Federal Office of Meteorology and Climatology MeteoSwiss,,,The station was originally registered based on WMO Pub 9 Vol A information containing these observation remarks: MONT;SNOW (see code table A for explanations). These remarks imply the following additional observations that could not be registered automatically: Observations of cloud below the level of the station; Snow survey.,Polar - Tundra,Closed (>40%) broadleaved deciduous forest (>5m)(Surface cover types (GlobCover2009)),,(unknown) at low relative elevation within mountains of middle altitude,,GOS General:Closed,	2019-12-17,Lucia Cappelletti
HOERNLI,,	1974-07-15,,Operational,Operational,Land (fixed),0-20000-0-06689|primary,Europe,,Switzerland,47.370864,8.941633,1144,GPS,,Federal Office of Meteorology and Climatology MeteoSwiss,https://www.meteoschweiz.admin.ch/home/messwerte.html?param=messnetz-automatisch&station=HOE,,,,,,,26|1460,"GBON:Operational, GOS General:Operational",	2019-06-04,CHE NMHS 
HOMBRECHTIKON,,	2010-10-26,	2019-12-31,Closed,Unknown,Land (fixed),0-20000-0-06851|primary,Europe,,Switzerland,47.2441666667,8.77,496,,,Federal Office of Meteorology and Climatology MeteoSwiss,,,The station was originally registered based on WMO Pub 9 Vol A information containing these observation remarks: MONT;SNOW (see code table A for explanations). These remarks imply the following additional observations that could not be registered automatically: Observations of cloud below the level of the station; Snow survey.,,,,,,GOS General:Closed,	2022-08-09,Lucia Cappelletti
ILANZ,,	1892-01-01,,Operational,Operational,Land (fixed),0-20000-0-06789|primary,Europe,,Switzerland,46.775042,9.215344,698,GPS,,Federal Office of Meteorology and Climatology MeteoSwiss,https://www.meteoschweiz.admin.ch/home/messwerte.html?param=messnetz-automatisch&station=ILZ,,,,,,,7|200,"Ceilometers, GBON:Operational, GOS General:Operational",	2023-02-28,CHE NMHS 
INTERLAKEN,,	1861-03-20,,Operational,Operational,Land (fixed),0-20000-0-06734|primary,Europe,,Switzerland,46.672236,7.870192,577.34,GPS,,Federal Office of Meteorology and Climatology MeteoSwiss,https://www.meteoschweiz.admin.ch/home/messwerte.html?param=messnetz-automatisch&station=INT,,,,,,,23|390,"Ceilometers, GBON:Operational, GOS General:Operational",	2023-02-28,CHE NMHS 
JUNGFRAUJOCH,,	1922-11-01,,Operational,Operational,Land (fixed),0-20000-0-06730|primary,Europe,,Switzerland,46.547447,7.985331,3580,GPS,,Federal Office of Meteorology and Climatology MeteoSwiss,https://www.meteoschweiz.admin.ch/home/messwerte.html?param=messnetz-automatisch&station=JUN,,,,,,,2|240,"GBON:Operational, GOS General:Operational",	2019-06-04,CHE NMHS 
Jungfraujoch,,	1957-09-28,,Operational,Unknown,Land (fixed),0-20008-0-JFJ|primary,Europe,,Switzerland,46.5474891663,7.9850897789,3580,,UTC+1,,www.ifjungo.ch,http://geomon.empa.ch/index.php?id=CH01,The high alpine research station Jungfraujoch is situated on a mountain saddle between the two mountains Jungfrau (4158m asl) and Mönch (4099m asl). The station is located in the center of Europe at an altitude of 3580m asl and is surrounded by highly industrialized regions at much lower altitudes. This special geographical situation offers the opportunity to monitor background concentrations but also to investigate the transport of anthropogenic pollutants from the boundary layer to the free troposphere.,Polar - Tundra,,,,,"AGAGE:Operational, EMEP:Operational, GAW Global:Operational, ICOS, NDACC:Operational",	2023-03-07,Emmanuel Mahieu
KOPPIGEN,,	1960-11-17,,Operational,Operational,Land (fixed),0-20000-0-06635|primary,Europe,,Switzerland,47.118847,7.6055,485.2,GPS,,Federal Office of Meteorology and Climatology MeteoSwiss,https://www.meteoschweiz.admin.ch/home/messwerte.html?param=messnetz-automatisch&station=KOP,,,,,,,55|1290,"GBON:Operational, GOS General:Operational, Non-affiliated:Operational",	2019-06-04,CHE NMHS 
Kreuzweg,,	1997-11-18,,Operational,Unknown,Land (fixed),0-756-1-605310|primary,Europe,,Switzerland,46.851727,9.804846,2289,From map,UTC+1,WSL Institute for Snow and Avalanche Research SLF,http://globalcryospherewatch.org/cryonet/sitepage.php?surveyid=99,https://www.slf.ch/en/avalanche-bulletin-and-snow-situation/measured-values.html#opened,"This station owned by WSL/SLF delivers data to the Swiss Inter cantonal Measurement and Information System (IMIS) automatic station network, an important component of the Swiss Avalanche Warning Service. _ GCW attributes: CryoNet reference station on an alpine meadow surrounded by a moor. _ Additional cryosphere measurements: Snow surface temperature Snow temperatures at 25, 50, and 100 cm above ground _",Polar - Tundra,Grasslands(Surface cover types (IGBP)),"Open (Open flat terrain; grass, few isolated obstacles)",A flat at middle relative elevation within rises of high altitude,,"GCW CryoNet station:Operational, Non-affiliated:Operational",	2020-11-09,Charles Fierz
LA BREVINE,,	1872-05-01,,Operational,Operational,Land (fixed),0-20000-0-06617|primary,Europe,,Switzerland,46.983842,6.610303,1050,GPS,,Federal Office of Meteorology and Climatology MeteoSwiss,https://www.meteoschweiz.admin.ch/home/messwerte.html?param=messnetz-automatisch&station=BRL,,,,,,,15|460,"GBON:Operational, GOS General:Operational",	2019-06-04,CHE NMHS 
LA CHAUX-DE-FONDS,,	1863-09-01,,Operational,Operational,Land (fixed),0-20000-0-06612|primary,Europe,,Switzerland,47.082942,6.792317,1017.01,GPS,,Federal Office of Meteorology and Climatology MeteoSwiss,https://www.meteoschweiz.admin.ch/home/messwerte.html?param=messnetz-automatisch&station=CDF,,,,,,,47|530,"GBON:Operational, GOS General:Operational, Non-affiliated:Operational",	2019-06-04,CHE NMHS 
LA DOLE (6699-0),,,,Operational,Unknown,Land (fixed),0-20000-0-06699|primary,Europe,,Switzerland,46.425,6.0991666667,1680,,,Federal Office of Meteorology and Climatology MeteoSwiss,,,The station was originally registered based on WMO Pub 9 Vol A information containing these observation remarks: WR (see code table A for explanations). These remarks imply the following additional observations that could not be registered automatically: none.,,,,,,GOS General:Operational,	2016-04-28,
LA DOLE (6702-0),,	1973-01-01,,Operational,Operational,Land (fixed),0-20000-0-06702|primary,Europe,,Switzerland,46.424789,6.099461,1669.75,GPS,,Federal Office of Meteorology and Climatology MeteoSwiss,https://www.meteoschweiz.admin.ch/home/messwerte.html?param=messnetz-automatisch&station=DOL,,,,,,,15|880,"GBON:Operational, GOS General:Operational",	2019-06-04,CHE NMHS 
LACHEN / GALGENEN,,	1882-10-01,,Operational,Operational,Land (fixed),0-20000-0-06665|primary,Europe,,Switzerland,47.1792,8.858675,468,GPS,,Federal Office of Meteorology and Climatology MeteoSwiss,https://www.meteoschweiz.admin.ch/home/messwerte.html?param=messnetz-automatisch&station=LAC,,,,,,,77|1460,GOS General:Operational,	2019-06-04,CHE NMHS 
LAEGEREN / ZINDELEN,,,,Operational,Unknown,Land (fixed),0-20000-0-06906|primary,Europe,,Switzerland,47.4783333333,8.3644444444,688.81,,,Federal Office of Meteorology and Climatology MeteoSwiss,,,The station was originally registered based on WMO Pub 9 Vol A information containing these observation remarks: AUT;RAD;SOLRA (see code table A for explanations). These remarks imply the following additional observations that could not be registered automatically: Radiation measurements; Solar radiation measurements.,,,,,,GOS General:Operational,	2016-04-28,
LAEGERN,,	1989-11-22,,Operational,Operational,Land (fixed),0-20000-0-06669|primary,Europe,,Switzerland,47.481936,8.397208,844.55,GPS,,Federal Office of Meteorology and Climatology MeteoSwiss,https://www.meteoschweiz.admin.ch/home/messwerte.html?param=messnetz-automatisch&station=LAE,,,,,,,118|2020,"GBON:Operational, GOS General:Operational",	2019-06-04,CHE NMHS 
LANGNAU I.E.,,	1901-01-01,,Operational,Operational,Land (fixed),0-20000-0-06638|primary,Europe,,Switzerland,46.939636,7.806419,743.8,GPS,,Federal Office of Meteorology and Climatology MeteoSwiss,https://www.meteoschweiz.admin.ch/home/messwerte.html?param=messnetz-automatisch&station=LAG,,,,,,,18|900,"Ceilometers, GBON:Operational, GOS General:Operational",	2023-02-28,CHE NMHS 
LAUSANNE,,	1991-02-02,,Operational,Unknown,Land (fixed),0-20000-0-06907|primary,Europe,,Switzerland,46.522106,6.639631,538.41,GPS,,Federal Office of Meteorology and Climatology MeteoSwiss,http://www.meteoswiss.ch,,,,,,,205|760,GOS General:Operational,	2019-06-04,CHE NMHS 
LE MOLESON,,	1982-09-21,,Operational,Operational,Land (fixed),0-20000-0-06609|primary,Europe,,Switzerland,46.546197,7.017758,1974,GPS,,Federal Office of Meteorology and Climatology MeteoSwiss,https://www.meteoschweiz.admin.ch/home/messwerte.html?param=messnetz-automatisch&station=MLS,,,,,,,22|650,"GBON:Operational, GOS General:Operational",	2019-06-04,CHE NMHS 
LEIBSTADT,,	1984-02-15,,Operational,Operational,Land (fixed),0-20000-0-06666|primary,Europe,,Switzerland,47.597358,8.188186,341.08,GPS,,Federal Office of Meteorology and Climatology MeteoSwiss,https://www.meteoschweiz.admin.ch/home/messwerte.html?param=messnetz-automatisch&station=LEI,,,,,,,33|1500,"Ceilometers, GBON:Operational, GOS General:Operational",	2023-02-28,CHE NMHS 
LES ATTELAS,,	1993-08-11,,Operational,Operational,Land (fixed),0-20000-0-06723|primary,Europe,,Switzerland,46.099097,7.268658,2735.21,GPS,,Federal Office of Meteorology and Climatology MeteoSwiss,https://www.meteoschweiz.admin.ch/home/messwerte.html?param=messnetz-automatisch&station=ATT,,,,,,,10|300,"GBON:Operational, GOS General:Operational",	2019-06-04,CHE NMHS 
LES CHARBONNIERES,,	1884-05-09,,Operational,Operational,Land (fixed),0-20000-0-06703|primary,Europe,,Switzerland,46.670144,6.312433,1045,GPS,,Federal Office of Meteorology and Climatology MeteoSwiss,https://www.meteoschweiz.admin.ch/home/messwerte.html?param=messnetz-automatisch&station=CHB,,,,,,,6|640,"Ceilometers, GBON:Operational, GOS General:Operational",	2023-02-28,CHE NMHS 
LES DIABLERETS,,	1992-10-09,,Operational,Operational,Land (fixed),0-20000-0-06714|primary,Europe,,Switzerland,46.326747,7.203786,2964,GPS,,Federal Office of Meteorology and Climatology MeteoSwiss,https://www.meteoschweiz.admin.ch/home/messwerte.html?param=messnetz-automatisch&station=DIA,,,,,,,10|380,"GBON:Operational, GOS General:Operational",	2019-06-04,CHE NMHS 
LES MARECOTTES,,	1912-07-01,,Operational,Operational,Land (fixed),0-20000-0-06614|primary,Europe,,Switzerland,46.1189,7.016606,990,GPS,,Federal Office of Meteorology and Climatology MeteoSwiss,https://www.meteoschweiz.admin.ch/home/messwerte.html?param=messnetz-automatisch&station=MAR,,,,,,,22|330,GOS General:Operational,	2019-06-04,CHE NMHS 
LIGORNETTO,,	2004-10-21,	2018-01-28,Closed,Unknown,Land (fixed),0-20000-0-06843|primary,Europe,,Switzerland,45.8591666667,8.9486111111,360,,,Federal Office of Meteorology and Climatology MeteoSwiss,,,The station was originally registered based on WMO Pub 9 Vol A information containing these observation remarks: (see code table A for explanations). These remarks imply the following additional observations that could not be registered automatically: none.,,,,,,GOS General:Closed,	2019-12-13,Lucia Cappelletti
LOCARNO / MONTI,,	1934-01-01,,Operational,Operational,Land (fixed),0-20000-0-06760|primary,Europe,,Switzerland,46.172494,8.787569,366.75,GPS,,Federal Office of Meteorology and Climatology MeteoSwiss,https://www.meteoschweiz.admin.ch/home/messwerte.html?param=messnetz-automatisch&station=OTL,,,,,,,40|700,"GBON:Operational, Non-affiliated:Operational, RBON:Operational, RBSN(S) - deprecated:Closed",	2019-06-04,CHE NMHS 
LODRINO,,,,Operational,Unknown,Land (fixed),0-20000-0-06809|primary,Europe,,Switzerland,46.295,8.9933333333,259,,,Federal Office of Meteorology and Climatology MeteoSwiss,,,The station was originally registered based on WMO Pub 9 Vol A information containing these observation remarks: A;METAR (see code table A for explanations). These remarks imply the following additional observations that could not be registered automatically: none.,,,,,,GOS General:Operational,	2016-04-28,
LUGANO,,	1863-12-01,,Operational,Operational,Land (fixed),0-20000-0-06770|primary,Europe,,Switzerland,46.004228,8.960319,273,GPS,,Federal Office of Meteorology and Climatology MeteoSwiss,https://www.meteoschweiz.admin.ch/home/messwerte.html?param=messnetz-automatisch&station=LUG,,,,,,,102|1700,"GBON:Operational, GOS General:Operational, RBCN - deprecated:Closed, RBON:Operational",	2019-06-04,CHE NMHS 
LUGANO-AGNO,,,,Operational,Unknown,Land (fixed),0-20000-0-06775|primary,Europe,,Switzerland,46.0005555556,8.9091666667,279,,,Federal Office of Meteorology and Climatology MeteoSwiss,,,The station was originally registered based on WMO Pub 9 Vol A information containing these observation remarks: A;METAR (see code table A for explanations). These remarks imply the following additional observations that could not be registered automatically: none.,,,,,,GOS General:Operational,	2016-04-28,
LUZERN,,	1864-01-01,,Operational,Operational,Land (fixed),0-20000-0-06650|primary,Europe,,Switzerland,47.036442,8.301014,454,GPS,,Federal Office of Meteorology and Climatology MeteoSwiss,https://www.meteoschweiz.admin.ch/home/messwerte.html?param=messnetz-automatisch&station=LUZ,,,,,,,149|1200,"GBON:Operational, GOS General:Operational",	2019-06-04,CHE NMHS 
MAGADINO,,	2011-01-01,,Operational,Unknown,Land (fixed),0-20000-0-06808|primary,Europe,,Switzerland,46.164833,8.874369,198,GPS,,Federal Office of Meteorology and Climatology MeteoSwiss,http://www.meteoswiss.ch,,,,,,,,GOS General:Operational,	2019-06-04,CHE NMHS 
MAGADINO / CADENAZZO,,	1958-01-01,,Operational,Operational,Land (fixed),0-20000-0-06762|primary,Europe,,Switzerland,46.160031,8.933667,203.2,GPS,,Federal Office of Meteorology and Climatology MeteoSwiss,https://www.meteoschweiz.admin.ch/home/messwerte.html?param=messnetz-automatisch&station=MAG,,,,,,,38|950,"GBON:Operational, GOS General:Operational, Non-affiliated:Operational",	2019-06-04,CHE NMHS 
MARSENS,,	1891-07-16,,Operational,Operational,Land (fixed),0-20000-0-06640|primary,Europe,,Switzerland,46.656486,7.069672,714.5,GPS,,Federal Office of Meteorology and Climatology MeteoSwiss,https://www.meteoschweiz.admin.ch/home/messwerte.html?param=messnetz-automatisch&station=MAS,,,,,,,30|700,GOS General:Operational,	2019-06-04,CHE NMHS 
MATHOD,,	1992-08-06,,Operational,Operational,Land (fixed),0-20000-0-06618|primary,Europe,,Switzerland,46.736972,6.567989,437,GPS,,Federal Office of Meteorology and Climatology MeteoSwiss,https://www.meteoschweiz.admin.ch/home/messwerte.html?param=messnetz-automatisch&station=MAH,,,,,,,23|730,"Ceilometers, GBON:Operational, GOS General:Operational",	2023-02-28,CHE NMHS 
MATRO,,	1992-12-09,,Operational,Operational,Land (fixed),0-20000-0-06754|primary,Europe,,Switzerland,46.410108,8.924736,2171,GPS,,Federal Office of Meteorology and Climatology MeteoSwiss,https://www.meteoschweiz.admin.ch/home/messwerte.html?param=messnetz-automatisch&station=MTR,,,,,,,8|290,"GBON:Operational, GOS General:Operational",	2019-06-04,CHE NMHS 
MEIRINGEN,,	1889-07-01,,Operational,Operational,Land (fixed),0-20000-0-06637|primary,Europe,,Switzerland,46.732225,8.169242,588.6,GPS,,Federal Office of Meteorology and Climatology MeteoSwiss,https://www.meteoschweiz.admin.ch/home/messwerte.html?param=messnetz-automatisch&station=MER,,,,,,,7|380,"GBON:Operational, GOS General:Operational",	2019-06-04,CHE NMHS 
MOEHLIN,,	1882-06-12,,Operational,Operational,Land (fixed),0-20000-0-06641|primary,Europe,,Switzerland,47.572194,7.8779,343,GPS,,Federal Office of Meteorology and Climatology MeteoSwiss,https://www.meteoschweiz.admin.ch/home/messwerte.html?param=messnetz-automatisch&station=MOE,,,,,,,45|1540,"Ceilometers, GBON:Operational, GOS General:Operational",	2023-02-28,CHE NMHS 
MOLLIS,,,,Operational,Unknown,Land (fixed),0-20000-0-06810|primary,Europe,,Switzerland,47.08,9.0666666667,447,,,Federal Office of Meteorology and Climatology MeteoSwiss,,,The station was originally registered based on WMO Pub 9 Vol A information containing these observation remarks: (see code table A for explanations). These remarks imply the following additional observations that could not be registered automatically: none.,,,,,,GOS General:Operational,	2016-04-28,
"MONTAGNIER, BAGNES",,	1906-03-01,,Operational,Operational,Land (fixed),0-20000-0-06615|primary,Europe,,Switzerland,46.071019,7.225281,839,GPS,,Federal Office of Meteorology and Climatology MeteoSwiss,https://www.meteoschweiz.admin.ch/home/messwerte.html?param=messnetz-automatisch&station=MOB,,,,,,,7|300,"GBON:Operational, GOS General:Operational",	2019-06-04,CHE NMHS 
MONTANA,,	1926-01-15,,Operational,Operational,Land (fixed),0-20000-0-06724|primary,Europe,,Switzerland,46.298806,7.460822,1427,GPS,,Federal Office of Meteorology and Climatology MeteoSwiss,https://www.meteoschweiz.admin.ch/home/messwerte.html?param=messnetz-automatisch&station=MVE,,,,,,,34|230,"GBON:Operational, GOS General:Operational",	2019-06-04,CHE NMHS 
MONTE GENEROSO,,	1869-10-01,,Operational,Operational,Land (fixed),0-20000-0-06777|primary,Europe,,Switzerland,45.927606,9.017872,1600.4,GPS,,Federal Office of Meteorology and Climatology MeteoSwiss,https://www.meteoschweiz.admin.ch/home/messwerte.html?param=messnetz-automatisch&station=GEN,,,,,,,50|2750,"GBON:Operational, GOS General:Operational",	2019-06-04,CHE NMHS 
MONTE LEMA,,,,Operational,Unknown,Land (fixed),0-20000-0-06768|primary,Europe,,Switzerland,46.0408333333,8.8333333333,1625,,,Federal Office of Meteorology and Climatology MeteoSwiss,,,The station was originally registered based on WMO Pub 9 Vol A information containing these observation remarks: WR (see code table A for explanations). These remarks imply the following additional observations that could not be registered automatically: none.,,,,,,GOS General:Operational,	2016-04-28,
MONTE ROSA,,	2009-12-16,	2023-09-12,Closed,Unknown,Land (fixed),0-20000-0-06747|primary,Europe,,Switzerland,45.956631,7.814586,2885,GPS,,Federal Office of Meteorology and Climatology MeteoSwiss,https://www.meteoschweiz.admin.ch/home/messwerte.html?param=messnetz-automatisch&station=MRP,,,,,,,,GOS General:Closed,	2024-01-08,Franziska Stürzl
MOSEN,,	1901-01-01,,Operational,Operational,Land (fixed),0-20000-0-06644|primary,Europe,,Switzerland,47.243842,8.232819,453.04,GPS,,Federal Office of Meteorology and Climatology MeteoSwiss,https://www.meteoschweiz.admin.ch/home/messwerte.html?param=messnetz-automatisch&station=MOA,,,,,,,40|1830,"GBON:Operational, GOS General:Operational",	2019-06-04,CHE NMHS 
MOTTEC,,	1972-04-01,,Operational,Operational,Land (fixed),0-20000-0-06716|primary,Europe,,Switzerland,46.147903,7.624042,1580,GPS,,Federal Office of Meteorology and Climatology MeteoSwiss,https://www.meteoschweiz.admin.ch/home/messwerte.html?param=messnetz-automatisch&station=MTE,,,,,,,1|210,"GBON:Operational, GOS General:Operational",	2019-06-04,CHE NMHS 
MUEHLEBERG,,	1981-01-01,,Operational,Operational,Land (fixed),0-20000-0-06636|primary,Europe,,Switzerland,46.973275,7.278217,479.79,GPS,,Federal Office of Meteorology and Climatology MeteoSwiss,https://www.meteoschweiz.admin.ch/home/messwerte.html?param=messnetz-automatisch&station=MUB,,,,,,,45|1100,"GBON:Operational, GOS General:Operational",	2019-06-04,CHE NMHS 
MUEHLEBERG / STOCKEREN,,	2007-10-29,,Operational,Unknown,Land (fixed),0-20000-0-06629|primary,Europe,,Switzerland,46.9521,7.282972,706,GPS,,Federal Office of Meteorology and Climatology MeteoSwiss,https://www.meteoschweiz.admin.ch/home/messwerte.html?param=messnetz-automatisch&station=MSK,,,,,,,,GOS General:Operational,	2019-06-04,CHE NMHS 
NALUNS / SCHLIVERA,,	1992-11-06,,Operational,Operational,Land (fixed),0-20000-0-06799|primary,Europe,,Switzerland,46.817164,10.261389,2380,GPS,,Federal Office of Meteorology and Climatology MeteoSwiss,https://www.meteoschweiz.admin.ch/home/messwerte.html?param=messnetz-automatisch&station=NAS,,,,,,,1|100,"GBON:Operational, GOS General:Operational",	2019-06-04,CHE NMHS 
NAPF,,	1978-01-01,,Operational,Operational,Land (fixed),0-20000-0-06639|primary,Europe,,Switzerland,47.004667,7.940111,1403.98,GPS,,Federal Office of Meteorology and Climatology MeteoSwiss,https://www.meteoschweiz.admin.ch/home/messwerte.html?param=messnetz-automatisch&station=NAP,,,,,,,10|960,"GBON:Operational, GOS General:Operational",	2019-06-04,CHE NMHS 
NEUCHATEL,,	1863-10-01,,Operational,Operational,Land (fixed),0-20000-0-06604|primary,Europe,,Switzerland,47.000064,6.9533,485,GPS,,Federal Office of Meteorology and Climatology MeteoSwiss,https://www.meteoschweiz.admin.ch/home/messwerte.html?param=messnetz-automatisch&station=NEU,,,,,,,60|690,"Ceilometers, GBON:Operational, GOS General:Operational",	2023-02-28,CHE NMHS 
NOVILLE,,,,Operational,Unknown,Land (fixed),0-20000-0-06718|primary,Europe,,Switzerland,46.3827777778,6.8980555556,373,,,Federal Office of Meteorology and Climatology MeteoSwiss,,,The station was originally registered based on WMO Pub 9 Vol A information containing these observation remarks: WP(S00-24) (see code table A for explanations). These remarks imply the following additional observations that could not be registered automatically: none.,,,,,,GOS General:Operational,	2016-04-28,
NYON / CHANGINS,,	1964-06-01,,Operational,Operational,Land (fixed),0-20000-0-06705|primary,Europe,,Switzerland,46.401047,6.227728,455,GPS,,Federal Office of Meteorology and Climatology MeteoSwiss,https://www.meteoschweiz.admin.ch/home/messwerte.html?param=messnetz-automatisch&station=CGI,,,,,,,49|1040,"GBON:Operational, GOS General:Operational, Non-affiliated:Operational",	2019-06-04,CHE NMHS 
OBERAEGERI,,	1992-07-14,,Operational,Operational,Land (fixed),0-20000-0-06676|primary,Europe,,Switzerland,47.133636,8.608194,724.43,GPS,,Federal Office of Meteorology and Climatology MeteoSwiss,https://www.meteoschweiz.admin.ch/home/messwerte.html?param=messnetz-automatisch&station=AEG,,,,,,,55|1860,GOS General:Operational,	2019-06-04,CHE NMHS 
OBERRIET / KRIESSERN,,	2015-05-05,,Operational,Operational,Land (fixed),0-20000-0-06649|primary,Europe,,Switzerland,47.376608,9.612703,409,GPS,,Federal Office of Meteorology and Climatology MeteoSwiss,https://www.meteoschweiz.admin.ch/home/messwerte.html?param=messnetz-automatisch&station=OBR,,,,,,,,"GBON:Operational, GOS General:Operational",	2019-06-04,CHE NMHS 
ORON,,	1992-04-27,,Operational,Operational,Land (fixed),0-20000-0-06708|primary,Europe,,Switzerland,46.572267,6.858244,828.3,GPS,,Federal Office of Meteorology and Climatology MeteoSwiss,https://www.meteoschweiz.admin.ch/home/messwerte.html?param=messnetz-automatisch&station=ORO,,,,,,,44|810,"GBON:Operational, GOS General:Operational",	2019-06-04,CHE NMHS 
PASSO DEL BERNINA,,	1863-12-01,,Operational,Operational,Land (fixed),0-20000-0-06797|primary,Europe,,Switzerland,46.409161,10.01955,2260,GPS,,Federal Office of Meteorology and Climatology MeteoSwiss,https://www.meteoschweiz.admin.ch/home/messwerte.html?param=messnetz-automatisch&station=BEH,,,,,,,3|150,"GBON:Operational, GOS General:Operational",	2019-06-04,CHE NMHS 
PAYERNE (6610-0),,	1942-03-26,,Operational,Operational,Land (fixed),0-20000-0-06610|primary,Europe,,Switzerland,46.811578,6.942472,490,GPS,,Federal Office of Meteorology and Climatology MeteoSwiss,https://www.meteoschweiz.admin.ch/home/messwerte.html?param=messnetz-automatisch&station=PAY,,,,,,,23|850,"Ceilometers, GBON:Operational, GRUAN:Operational, GSRN:Pre-operational, GUAN:Operational, Non-affiliated:Operational, RBCN - deprecated:Closed, RBON:Operational, RBSN(S) - deprecated:Closed, RBSN(T) - deprecated:Closed, Wind Profilers",	2024-04-12,Tim Oakley
PAYERNE (6801-0),,	2011-01-01,,Operational,Unknown,Land (fixed),0-20000-0-06801|primary,Europe,,Switzerland,46.849289,6.924908,443,GPS,,Federal Office of Meteorology and Climatology MeteoSwiss,http://www.meteoswiss.ch,,,,,,,,GOS General:Operational,	2019-06-04,CHE NMHS 
PILATUS,,	1891-07-01,,Operational,Operational,Land (fixed),0-20000-0-06659|primary,Europe,,Switzerland,46.978872,8.252258,2106,GPS,,Federal Office of Meteorology and Climatology MeteoSwiss,https://www.meteoschweiz.admin.ch/home/messwerte.html?param=messnetz-automatisch&station=PIL,,,,,,,85|860,"GBON:Operational, GOS General:Operational",	2019-06-04,CHE NMHS 
PIOTTA,,	1916-10-01,,Operational,Operational,Land (fixed),0-20000-0-06753|primary,Europe,,Switzerland,46.514814,8.688036,990,GPS,,Federal Office of Meteorology and Climatology MeteoSwiss,https://www.meteoschweiz.admin.ch/home/messwerte.html?param=messnetz-automatisch&station=PIO,,,,,,,2|130,"Ceilometers, GBON:Operational, GOS General:Operational",	2023-02-28,CHE NMHS 
PIZ CORVATSCH,,	1979-07-26,,Operational,Operational,Land (fixed),0-20000-0-06791|primary,Europe,,Switzerland,46.418019,9.821242,3302.46,GPS,,Federal Office of Meteorology and Climatology MeteoSwiss,https://www.meteoschweiz.admin.ch/home/messwerte.html?param=messnetz-automatisch&station=COV,,,,,,,7|160,"GBON:Operational, GOS General:Operational",	2019-06-04,CHE NMHS 
PIZ MARTEGNAS,,	1993-10-28,,Operational,Operational,Land (fixed),0-20000-0-06795|primary,Europe,,Switzerland,46.577186,9.529533,2668,GPS,,Federal Office of Meteorology and Climatology MeteoSwiss,https://www.meteoschweiz.admin.ch/home/messwerte.html?param=messnetz-automatisch&station=PMA,,,,,,,1|160,"GBON:Operational, GOS General:Operational",	2021-11-08,Franziska Stürzl
PLAFFEIEN,,	1989-09-28,,Operational,Operational,Land (fixed),0-20000-0-06628|primary,Europe,,Switzerland,46.747714,7.266264,1042,GPS,,Federal Office of Meteorology and Climatology MeteoSwiss,https://www.meteoschweiz.admin.ch/home/messwerte.html?param=messnetz-automatisch&station=PLF,,,,,,,14|880,"Ceilometers, GBON:Operational, GOS General:Operational",	2023-02-28,CHE NMHS 
PLAINE MORTE,,,,Operational,Unknown,Land (fixed),0-20000-0-06726|primary,Europe,,Switzerland,46.3705555556,7.4866666667,2937,,,Federal Office of Meteorology and Climatology MeteoSwiss,,,The station was originally registered based on WMO Pub 9 Vol A information containing these observation remarks: WR (see code table A for explanations). These remarks imply the following additional observations that could not be registered automatically: none.,,,,,,GOS General:Operational,	2016-04-28,
POSCHIAVO / ROBBIA,,	1897-08-01,,Operational,Operational,Land (fixed),0-20000-0-06794|primary,Europe,,Switzerland,46.347219,10.063011,1078,GPS,,Federal Office of Meteorology and Climatology MeteoSwiss,https://www.meteoschweiz.admin.ch/home/messwerte.html?param=messnetz-automatisch&station=ROB,,,,,,,4|170,"GBON:Operational, GOS General:Operational, Non-affiliated:Operational",	2019-06-04,CHE NMHS 
PULLY,,	1960-01-01,,Operational,Operational,Land (fixed),0-20000-0-06711|primary,Europe,,Switzerland,46.512278,6.667522,455.61,GPS,,Federal Office of Meteorology and Climatology MeteoSwiss,https://www.meteoschweiz.admin.ch/home/messwerte.html?param=messnetz-automatisch&station=PUY,,,,,,,167|750,"GBON:Operational, GOS General:Operational, Non-affiliated:Operational",	2019-06-04,CHE NMHS 
QUINTEN,,	1992-07-23,,Operational,Unknown,Land (fixed),0-20000-0-06687|primary,Europe,,Switzerland,47.128742,9.216042,419,GPS,,Federal Office of Meteorology and Climatology MeteoSwiss,https://www.meteoschweiz.admin.ch/home/messwerte.html?param=messnetz-automatisch&station=QUI,,,,,,,8|750,GBON:Operational,	2019-06-04,CHE NMHS 
RIGI / SEEBODENALP,,	1991-05-24,,Operational,Unknown,Land (fixed),0-20000-0-06908|primary,Europe,,Switzerland,47.067406,8.463331,1031.65,GPS,,Federal Office of Meteorology and Climatology MeteoSwiss,http://www.meteoswiss.ch,,,,,,,37|1650,GOS General:Operational,	2019-06-04,CHE NMHS 
ROBIEI,,	1991-01-11,,Operational,Operational,Land (fixed),0-20000-0-06751|primary,Europe,,Switzerland,46.443069,8.513386,1896.36,GPS,,Federal Office of Meteorology and Climatology MeteoSwiss,https://www.meteoschweiz.admin.ch/home/messwerte.html?param=messnetz-automatisch&station=ROE,,,,,,,0|130,"Ceilometers, GBON:Operational, GOS General:Operational, Non-affiliated:Operational",	2023-02-28,CHE NMHS 
RUENENBERG,,	1982-10-27,,Operational,Operational,Land (fixed),0-20000-0-06645|primary,Europe,,Switzerland,47.434569,7.879406,611.17,GPS,,Federal Office of Meteorology and Climatology MeteoSwiss,https://www.meteoschweiz.admin.ch/home/messwerte.html?param=messnetz-automatisch&station=RUE,,,,,,,47|1530,"GBON:Operational, GOS General:Operational, Non-affiliated:Operational",	2019-06-04,CHE NMHS 
RUENENBERG MIL,,	2004-10-21,	2018-01-28,Closed,Unknown,Land (fixed),0-20000-0-06845|primary,Europe,,Switzerland,47.4344444444,7.8794444444,611.17,,,Federal Office of Meteorology and Climatology MeteoSwiss,,,The station was originally registered based on WMO Pub 9 Vol A information containing these observation remarks: (see code table A for explanations). These remarks imply the following additional observations that could not be registered automatically: none.,,,,,,GOS General:Closed,	2019-12-13,Lucia Cappelletti
S. BERNARDINO,,	1863-12-01,,Operational,Operational,Land (fixed),0-20000-0-06783|primary,Europe,,Switzerland,46.463544,9.184692,1638.7,GPS,,Federal Office of Meteorology and Climatology MeteoSwiss,https://www.meteoschweiz.admin.ch/home/messwerte.html?param=messnetz-automatisch&station=SBE,,,,,,,1|180,"GBON:Operational, GOS General:Operational",	2019-06-04,CHE NMHS 
SAENTIS,,	1864-01-01,,Operational,Operational,Land (fixed),0-20000-0-06680|primary,Europe,,Switzerland,47.249431,9.343417,2502,GPS,,Federal Office of Meteorology and Climatology MeteoSwiss,https://www.meteoschweiz.admin.ch/home/messwerte.html?param=messnetz-automatisch&station=SAE,,,,,,,11|840,"Centennial Observing Stations:Operational, GBON:Operational, GSN:Operational, RBCN - deprecated:Closed, RBON:Operational, RBSN(S) - deprecated:Closed",	2019-06-04,CHE NMHS 
SALEN-REUTENEN,,	1889-09-01,,Operational,Operational,Land (fixed),0-20000-0-06623|primary,Europe,,Switzerland,47.651247,9.023897,718.7,GPS,,Federal Office of Meteorology and Climatology MeteoSwiss,https://www.meteoschweiz.admin.ch/home/messwerte.html?param=messnetz-automatisch&station=HAI,,,,,,,26|1240,"Ceilometers, GBON:Operational, GOS General:Operational",	2023-02-28,CHE NMHS 
SALEZ,,	2011-01-20,	2018-01-28,Closed,Unknown,Land (fixed),0-20000-0-06849|primary,Europe,,Switzerland,47.2330555556,9.4933333333,436,,,Federal Office of Meteorology and Climatology MeteoSwiss,,,The station was originally registered based on WMO Pub 9 Vol A information containing these observation remarks: MONT;SNOW (see code table A for explanations). These remarks imply the following additional observations that could not be registered automatically: Observations of cloud below the level of the station; Snow survey.,,,,,,GOS General:Closed,	2019-12-13,Lucia Cappelletti
SAMEDAN,,	1979-12-17,,Operational,Operational,Land (fixed),0-20000-0-06792|primary,Europe,,Switzerland,46.52625,9.879458,1708.51,GPS,,Federal Office of Meteorology and Climatology MeteoSwiss,https://www.meteoschweiz.admin.ch/home/messwerte.html?param=messnetz-automatisch&station=SAM,,,,,,,6|130,"Ceilometers, GBON:Operational, GOS General:Operational, Non-affiliated:Operational",	2023-02-28,CHE NMHS 
"SATTEL, SZ",,	1882-09-26,,Operational,Operational,Land (fixed),0-20000-0-06662|primary,Europe,,Switzerland,47.081067,8.636956,790.1,GPS,,Federal Office of Meteorology and Climatology MeteoSwiss,https://www.meteoschweiz.admin.ch/home/messwerte.html?param=messnetz-automatisch&station=SAG,,,,,,,31|1550,"Ceilometers, GBON:Operational, GOS General:Operational",	2023-02-28,CHE NMHS 
SCALOTTAS,,,,Operational,Unknown,Land (fixed),0-20000-0-06846|primary,Europe,,Switzerland,46.7213888889,9.5108333333,2323,,,Federal Office of Meteorology and Climatology MeteoSwiss,,,The station was originally registered based on WMO Pub 9 Vol A information containing these observation remarks: MONT;SNOW (see code table A for explanations). These remarks imply the following additional observations that could not be registered automatically: Observations of cloud below the level of the station; Snow survey.,,,,,,GOS General:Operational,	2016-04-28,
SCHAFFHAUSEN,,	1863-10-01,,Operational,Operational,Land (fixed),0-20000-0-06620|primary,Europe,,Switzerland,47.689844,8.620125,438,GPS,,Federal Office of Meteorology and Climatology MeteoSwiss,https://www.meteoschweiz.admin.ch/home/messwerte.html?param=messnetz-automatisch&station=SHA,,,,,,,64|1810,"Ceilometers, GBON:Operational, GOS General:Operational, Wind Profilers",	2023-02-28,CHE NMHS 
SCHIERS,,	1885-06-01,,Operational,Operational,Land (fixed),0-20000-0-06790|primary,Europe,,Switzerland,46.975508,9.668064,626,GPS,,Federal Office of Meteorology and Climatology MeteoSwiss,https://www.meteoschweiz.admin.ch/home/messwerte.html?param=messnetz-automatisch&station=SRS,,,,,,,8|430,GOS General:Operational,	2019-06-04,CHE NMHS 
SCHMERIKON,,	1993-01-28,,Operational,Unknown,Land (fixed),0-20000-0-06683|primary,Europe,,Switzerland,47.224933,8.940289,408,GPS,,Federal Office of Meteorology and Climatology MeteoSwiss,https://www.meteoschweiz.admin.ch/home/messwerte.html?param=messnetz-automatisch&station=SCM,,,,,,,60|1240,GBON:Operational,	2019-06-04,CHE NMHS 
SCHUEPFHEIM,,	1882-11-01,,Operational,Operational,Land (fixed),0-20000-0-06651|primary,Europe,,Switzerland,46.947042,8.012433,744.4,GPS,,Federal Office of Meteorology and Climatology MeteoSwiss,https://www.meteoschweiz.admin.ch/home/messwerte.html?param=messnetz-automatisch&station=SPF,,,,,,,9|730,"GBON:Operational, GOS General:Operational",	2019-06-04,CHE NMHS 
SCUOL,,	1868-10-01,,Operational,Operational,Land (fixed),0-20000-0-06798|primary,Europe,,Switzerland,46.793275,10.283253,1303.93,GPS,,Federal Office of Meteorology and Climatology MeteoSwiss,https://www.meteoschweiz.admin.ch/home/messwerte.html?param=messnetz-automatisch&station=SCU,,,,,,,1|100,"Ceilometers, GBON:Operational, GOS General:Operational",	2023-02-28,CHE NMHS 
SEGL-MARIA,,	1863-12-01,,Operational,Operational,Land (fixed),0-20000-0-06779|primary,Europe,,Switzerland,46.432333,9.762311,1804,GPS,,Federal Office of Meteorology and Climatology MeteoSwiss,https://www.meteoschweiz.admin.ch/home/messwerte.html?param=messnetz-automatisch&station=SIA,,,,,,,5|170,"GBON:Operational, GOS General:Operational",	2019-06-04,CHE NMHS 
SENT,,	2010-10-26,	2014-12-31,Closed,Unknown,Land (fixed),0-20000-0-06852|primary,Europe,,Switzerland,46.8183333333,10.3430555556,1420,,,Federal Office of Meteorology and Climatology MeteoSwiss,,,The station was originally registered based on WMO Pub 9 Vol A information containing these observation remarks: MONT;SNOW (see code table A for explanations). These remarks imply the following additional observations that could not be registered automatically: Observations of cloud below the level of the station; Snow survey.,,,,,,GOS General:Closed,	2020-10-12,Lucia Cappelletti
SIMPLON-DORF,,	1910-12-01,,Operational,Operational,Land (fixed),0-20000-0-06654|primary,Europe,,Switzerland,46.196942,8.055422,1465,GPS,,Federal Office of Meteorology and Climatology MeteoSwiss,https://www.meteoschweiz.admin.ch/home/messwerte.html?param=messnetz-automatisch&station=SIM,,,,,,,1|140,"GBON:Operational, GOS General:Operational",	2019-06-04,CHE NMHS 
SION (6720-0),,	1951-01-01,,Operational,Operational,Land (fixed),0-20000-0-06720|primary,Europe,,Switzerland,46.218647,7.330211,482,GPS,,Federal Office of Meteorology and Climatology MeteoSwiss,https://www.meteoschweiz.admin.ch/home/messwerte.html?param=messnetz-automatisch&station=SIO,,,,,,,42|260,"GBON:Operational, Non-affiliated:Operational, RBCN - deprecated:Closed, RBON:Operational, RBSN(S) - deprecated:Closed",	2019-06-04,CHE NMHS 
SION (6802-0),,,,Operational,Unknown,Land (fixed),0-20000-0-06802|primary,Europe,,Switzerland,46.2219444444,7.3388888889,483,,,Federal Office of Meteorology and Climatology MeteoSwiss,,,The station was originally registered based on WMO Pub 9 Vol A information containing these observation remarks: A;AUT;METAR (see code table A for explanations). These remarks imply the following additional observations that could not be registered automatically: none.,,,,,,GOS General:Operational,	2016-04-28,
ST-PREX,,	1993-04-16,,Operational,Operational,Land (fixed),0-20000-0-06706|primary,Europe,,Switzerland,46.483678,6.443006,425,GPS,,Federal Office of Meteorology and Climatology MeteoSwiss,https://www.meteoschweiz.admin.ch/home/messwerte.html?param=messnetz-automatisch&station=PRE,,,,,,,35|1090,GOS General:Operational,	2019-06-04,CHE NMHS 
ST. CHRISCHONA,,	1991-10-15,,Operational,Unknown,Land (fixed),0-20000-0-06600|primary,Europe,,Switzerland,47.571761,7.687086,493,GPS,,Federal Office of Meteorology and Climatology MeteoSwiss,https://www.meteoschweiz.admin.ch/home/messwerte.html?param=messnetz-automatisch&station=STC,,,,,,,203|1510,GOS General:Operational,	2019-06-04,CHE NMHS 
ST. GALLEN,,	1863-12-01,,Operational,Operational,Land (fixed),0-20000-0-06681|primary,Europe,,Switzerland,47.425481,9.398519,775.66,GPS,,Federal Office of Meteorology and Climatology MeteoSwiss,https://www.meteoschweiz.admin.ch/home/messwerte.html?param=messnetz-automatisch&station=STG,,,,,,,114|1040,"GBON:Operational, GOS General:Operational, Non-affiliated:Operational",	2019-06-04,CHE NMHS 
ST. MARGRETENBERG,PFAEFERS,	1999-01-01,,Operational,Unknown,Land (fixed),0-20000-0-06848|primary,Europe,,Switzerland,46.9747222222,9.5022222222,1490,,,Federal Office of Meteorology and Climatology MeteoSwiss,,,The station was originally registered based on WMO Pub 9 Vol A information containing these observation remarks: MONT;SNOW (see code table A for explanations). These remarks imply the following additional observations that could not be registered automatically: Observations of cloud below the level of the station; Snow survey.,,,,,,GOS General:Operational,	2018-01-12,Lucia Cappelletti
"STA. MARIA, VAL MUESTAIR",,	1886-07-01,,Operational,Operational,Land (fixed),0-20000-0-06796|primary,Europe,,Switzerland,46.602256,10.4263,1386.2,GPS,,Federal Office of Meteorology and Climatology MeteoSwiss,https://www.meteoschweiz.admin.ch/home/messwerte.html?param=messnetz-automatisch&station=SMM,,,,,,,3|90,"GBON:Operational, GOS General:Operational",	2019-06-04,CHE NMHS 
STABIO,,	1932-01-01,,Operational,Operational,Land (fixed),0-20000-0-06771|primary,Europe,,Switzerland,45.843458,8.932364,353,GPS,,Federal Office of Meteorology and Climatology MeteoSwiss,https://www.meteoschweiz.admin.ch/home/messwerte.html?param=messnetz-automatisch&station=SBO,,,,,,,115|3480,"GBON:Operational, GOS General:Operational, Non-affiliated:Operational",	2019-06-04,CHE NMHS 
STECKBORN,,	1993-01-14,,Operational,Unknown,Land (fixed),0-20000-0-06671|primary,Europe,,Switzerland,47.668633,8.981419,397.3,GPS,,Federal Office of Meteorology and Climatology MeteoSwiss,https://www.meteoschweiz.admin.ch/home/messwerte.html?param=messnetz-automatisch&station=STK,,,,,,,36|1210,GBON:Operational,	2019-06-04,CHE NMHS 
THUN,,	1875-06-01,,Operational,Operational,Land (fixed),0-20000-0-06731|primary,Europe,,Switzerland,46.749853,7.585222,570,GPS,,Federal Office of Meteorology and Climatology MeteoSwiss,https://www.meteoschweiz.admin.ch/home/messwerte.html?param=messnetz-automatisch&station=THU,,,,,,,84|700,"GBON:Operational, GOS General:Operational",	2019-06-04,CHE NMHS 
TITLIS,,	1993-05-19,,Operational,Partly operational,Land (fixed),0-20000-0-06740|primary,Europe,,Switzerland,46.770508,8.425806,3040,GPS,,Federal Office of Meteorology and Climatology MeteoSwiss,https://www.meteoschweiz.admin.ch/home/messwerte.html?param=messnetz-automatisch&station=TIT,,,,,,,3|440,"GBON:Operational, GOS General:Operational",	2019-06-04,CHE NMHS 
UETLIBERG,,	1992-02-17,,Operational,Unknown,Land (fixed),0-20000-0-06677|primary,Europe,,Switzerland,47.351367,8.490214,854,GPS,,Federal Office of Meteorology and Climatology MeteoSwiss,https://www.meteoschweiz.admin.ch/home/messwerte.html?param=messnetz-automatisch&station=UEB,,,,,,,327|2170,GOS General:Operational,	2019-06-04,CHE NMHS 
ULRICHEN,,	1981-01-01,,Operational,Operational,Land (fixed),0-20000-0-06745|primary,Europe,,Switzerland,46.504883,8.308236,1345.87,GPS,,Federal Office of Meteorology and Climatology MeteoSwiss,https://www.meteoschweiz.admin.ch/home/messwerte.html?param=messnetz-automatisch&station=ULR,,,,,,,1|110,"Ceilometers, GBON:Operational, GOS General:Operational",	2023-02-28,CHE NMHS 
VADUZ,,	1890-01-01,,Operational,Operational,Land (fixed),0-20000-0-06990|primary,Europe,,Switzerland,47.127475,9.517569,457.25,GPS,,Federal Office of Meteorology and Climatology MeteoSwiss,https://www.meteoschweiz.admin.ch/home/messwerte.html?param=messnetz-automatisch&station=VAD,,,,,,,40|740,"Ceilometers, GBON:Operational, Non-affiliated:Operational, RBON:Operational, RBSN(S) - deprecated:Closed",	2023-02-28,CHE NMHS 
VALBELLA,,	1993-07-07,,Operational,Operational,Land (fixed),0-20000-0-06793|primary,Europe,,Switzerland,46.755042,9.554422,1568.4,GPS,,Federal Office of Meteorology and Climatology MeteoSwiss,https://www.meteoschweiz.admin.ch/home/messwerte.html?param=messnetz-automatisch&station=VAB,,,,,,,18|220,"GBON:Operational, GOS General:Operational",	2019-06-04,CHE NMHS 
VALS,,	1892-01-15,,Operational,Operational,Land (fixed),0-20000-0-06663|primary,Europe,,Switzerland,46.627764,9.1887,1242,GPS,,Federal Office of Meteorology and Climatology MeteoSwiss,https://www.meteoschweiz.admin.ch/home/messwerte.html?param=messnetz-automatisch&station=VLS,,,,,,,2|140,GOS General:Operational,	2019-06-04,CHE NMHS 
VEVEY,,	1960-01-01,,Operational,Operational,Land (fixed),0-20000-0-06603|primary,Europe,,Switzerland,46.471233,6.815061,405,GPS,,Federal Office of Meteorology and Climatology MeteoSwiss,https://www.meteoschweiz.admin.ch/home/messwerte.html?param=messnetz-automatisch&station=VEV,,,,,,,50|740,GOS General:Operational,	2019-06-04,CHE NMHS 
VICOSOPRANO,,	1911-11-01,,Operational,Operational,Land (fixed),0-20000-0-06788|primary,Europe,,Switzerland,46.353022,9.627789,1089,GPS,,Federal Office of Meteorology and Climatology MeteoSwiss,https://www.meteoschweiz.admin.ch/home/messwerte.html?param=messnetz-automatisch&station=VIO,,,,,,,1|190,"GBON:Operational, GOS General:Operational",	2019-06-04,CHE NMHS 
VILLARS-TIERCELIN,,	1972-09-01,,Operational,Operational,Land (fixed),0-20000-0-06707|primary,Europe,,Switzerland,46.621775,6.710075,859,GPS,,Federal Office of Meteorology and Climatology MeteoSwiss,https://www.meteoschweiz.admin.ch/home/messwerte.html?param=messnetz-automatisch&station=VIT,,,,,,,75|780,GOS General:Operational,	2019-06-04,CHE NMHS 
VISP,,	1979-12-17,,Operational,Operational,Land (fixed),0-20000-0-06727|primary,Europe,,Switzerland,46.3029,7.842964,639,GPS,,Federal Office of Meteorology and Climatology MeteoSwiss,https://www.meteoschweiz.admin.ch/home/messwerte.html?param=messnetz-automatisch&station=VIS,,,,,,,15|180,"Ceilometers, GBON:Operational, GOS General:Operational, Non-affiliated:Operational",	2023-02-28,CHE NMHS 
WAEDENSWIL,,	1961-02-03,,Operational,Operational,Land (fixed),0-20000-0-06673|primary,Europe,,Switzerland,47.220961,8.677694,485.37,GPS,,Federal Office of Meteorology and Climatology MeteoSwiss,https://www.meteoschweiz.admin.ch/home/messwerte.html?param=messnetz-automatisch&station=WAE,,,,,,,105|1860,"GBON:Operational, GOS General:Operational, Non-affiliated:Operational",	2019-06-04,CHE NMHS 
WEISSFLUHGIPFEL,,,,Operational,Unknown,Land (fixed),0-20000-0-06776|primary,Europe,,Switzerland,46.835,9.7944444444,2840,,,Federal Office of Meteorology and Climatology MeteoSwiss,,,The station was originally registered based on WMO Pub 9 Vol A information containing these observation remarks: WR (see code table A for explanations). These remarks imply the following additional observations that could not be registered automatically: none.,,,,,,"GOS General:Operational, WRO:Operational",	2016-04-29,
WEISSFLUHJOCH,,	1933-01-01,,Operational,Operational,Land (fixed),0-20000-0-06780|primary,Europe,,Switzerland,46.833328,9.806383,2691.24,GPS,,Federal Office of Meteorology and Climatology MeteoSwiss,https://www.meteoschweiz.admin.ch/home/messwerte.html?param=messnetz-automatisch&station=WFJ,,,,,,,5|200,"GBON:Operational, GOS General:Operational",	2019-06-04,CHE NMHS 
WUERENLINGEN / PSI,,	1991-12-01,,Operational,Operational,Land (fixed),0-20000-0-06647|primary,Europe,,Switzerland,47.536475,8.226931,334,GPS,,Federal Office of Meteorology and Climatology MeteoSwiss,https://www.meteoschweiz.admin.ch/home/messwerte.html?param=messnetz-automatisch&station=PSI,,,,,,,77|1740,"GBON:Operational, GOS General:Operational",	2019-06-04,CHE NMHS 
WYNAU,,	1978-01-01,,Operational,Operational,Land (fixed),0-20000-0-06643|primary,Europe,,Switzerland,47.255022,7.787469,422,GPS,,Federal Office of Meteorology and Climatology MeteoSwiss,https://www.meteoschweiz.admin.ch/home/messwerte.html?param=messnetz-automatisch&station=WYN,,,,,,,55|1440,"Ceilometers, GBON:Operational, GOS General:Operational",	2023-02-28,CHE NMHS 
ZERMATT,,	1863-12-31,,Operational,Operational,Land (fixed),0-20000-0-06748|primary,Europe,,Switzerland,46.029275,7.752444,1638.35,GPS,,Federal Office of Meteorology and Climatology MeteoSwiss,https://www.meteoschweiz.admin.ch/home/messwerte.html?param=messnetz-automatisch&station=ZER,,,,,,,5|160,"GBON:Operational, GOS General:Operational",	2019-06-04,CHE NMHS 
ZUERICH,,	1991-04-25,,Operational,Unknown,Land (fixed),0-20000-0-06909|primary,Europe,,Switzerland,47.377583,8.530406,408.63,GPS,,Federal Office of Meteorology and Climatology MeteoSwiss,http://www.meteoswiss.ch,,,,,,,435|2140,GOS General:Operational,	2019-06-04,CHE NMHS 
ZUERICH / AFFOLTERN,,	1947-08-01,,Operational,Operational,Land (fixed),0-20000-0-06664|primary,Europe,,Switzerland,47.427694,8.517942,443.53,GPS,,Federal Office of Meteorology and Climatology MeteoSwiss,https://www.meteoschweiz.admin.ch/home/messwerte.html?param=messnetz-automatisch&station=REH,,,,,,,349|2080,"GBON:Operational, GOS General:Operational, Non-affiliated:Operational",	2019-06-04,CHE NMHS 
ZUERICH / FLUNTERN,,	1863-12-01,,Operational,Operational,Land (fixed),0-20000-0-06660|primary,Europe,,Switzerland,47.377925,8.565731,555.95,GPS,,Federal Office of Meteorology and Climatology MeteoSwiss,https://www.meteoschweiz.admin.ch/home/messwerte.html?param=messnetz-automatisch&station=SMA,,,,,,,418|2110,"GBON:Operational, GOS General:Operational, Non-affiliated:Operational, RBCN - deprecated:Closed, RBON:Operational",	2019-06-04,CHE NMHS 
ZUERICH / KLOTEN,,	1958-01-01,,Operational,Operational,Land (fixed),0-20000-0-06670|primary,Europe,,Switzerland,47.479611,8.53595,426.26,GPS,,Federal Office of Meteorology and Climatology MeteoSwiss,https://www.meteoschweiz.admin.ch/home/messwerte.html?param=messnetz-automatisch&station=KLO,,,,,,,195|2040,"Ceilometers, GBON:Operational, Non-affiliated:Operational, RBON:Operational, RBSN(S) - deprecated:Closed",	2023-02-28,CHE NMHS 
