Station,Station alias,	Date established,	Date closed,Declared reporting status,Assessed reporting status,Station type,WIGOS Station Identifier(s),WMO Region,Regional WIGOS Center,Country,Latitude,Longitude,Elevation,Geopositioning method,Time zone,Supervising organization,Station URL,Other link (URL),Site description,Climate zone,Predominant surface cover,Surface roughness,Topography or bathymetry,Population in 10km/50km,Programs/Network affiliation,Program/Network approval status,	Last updated date,Last updated by
ABDENNIZI,,	2007-08-21,,Silent,Silent,Land (fixed),0-20000-0-60661|primary,Africa,,Algeria,25.2166666667,5.1166666667,800,,,Office National de la Meteorologie Algeria,,,The station was originally registered based on WMO Pub 9 Vol A information containing these observation remarks: AUT (see code table A for explanations). These remarks imply the following additional observations that could not be registered automatically: none.,,,,,,GOS General:Stand-by,GOS General:Approved,	2024-09-18,Abdelhadi HARROUZ
ADEB LERRACH,,	2007-08-31,,Operational,Silent,Land (fixed),0-20000-0-60623|primary,Africa,,Algeria,27.4,8.8333333333,521,,,Office National de la Meteorologie Algeria,,,The station was originally registered based on WMO Pub 9 Vol A information containing these observation remarks: AUT (see code table A for explanations). These remarks imply the following additional observations that could not be registered automatically: none.,,,,,,GOS General:Operational,GOS General:Approved,	2024-09-18,Abdelhadi HARROUZ
ADRAR,,	1963-01-01,,Operational,Operational,Land (fixed),0-20000-0-60620|primary,Africa,,Algeria,27.83718,-0.19364,279.23,,UTC+1,Office National de la Meteorologie Algeria,,,The station was originally registered based on WMO Pub 9 Vol A information containing these observation remarks: A;CLIMAT(C);METAR;RBCN;RBSN(S);SPECI;SUNDUR (see code table A for explanations). These remarks imply the following additional observations that could not be registered automatically: none.,Desert - Hot arid,Bare areas(Surface cover types (GlobCover2009)),,(unknown) at middle relative elevation within plains of low altitude,,"CLIMAT(C) - deprecated:Closed, GBON:Operational, RBCN - deprecated:Closed, RBON:Operational, RBSN(S) - deprecated:Closed","CLIMAT(C) - deprecated:Approved,GBON:Approved,RBCN - deprecated:Approved,RBON:Approved,RBSN(S) - deprecated:Approved",	2024-10-13,Abdelhadi HARROUZ
AFARA,,	2008-04-14,,Operational,Partly operational,Land (fixed),0-20000-0-60677|primary,Africa,,Algeria,25.3333333333,7.8,1240,,,Office National de la Meteorologie Algeria,,,The station was originally registered based on WMO Pub 9 Vol A information containing these observation remarks: AUT (see code table A for explanations). These remarks imply the following additional observations that could not be registered automatically: none.,,,,,,GOS General:Operational,GOS General:Approved,	2024-10-09,Abdelhadi HARROUZ
AIN DEFLA,,	2014-02-01,,Operational,Operational,Land (fixed),0-12-0-44DEFCN60429|primary,Africa,,Algeria,36.26511,1.94852,292,GPS,UTC+1,Office National de la Meteorologie Algeria,,,,Warm temperate - Dry and hot summer,Artificial surfaces and associated areas (Urban areas >50%)(Surface cover types (GlobCover2009)),,(unknown) at low relative elevation within hills of middle altitude,,GOS General:Operational,GOS General:Approved,	2024-04-21,Abdelhadi HARROUZ
AIN-BESSAM,,	2001-01-01,,Operational,Operational,Land (fixed),0-20000-0-60415|primary,Africa,,Algeria,36.2846,3.68946,748,,UTC+1,Office National de la Meteorologie Algeria,,,The station was originally registered based on WMO Pub 9 Vol A information containing these observation remarks: CLIMAT(C);EVAP;METAR;SPECI;SUNDUR (see code table A for explanations). These remarks imply the following additional observations that could not be registered automatically: none.,Warm temperate - Dry and hot summer,Mosaic cropland (50-70%) / vegetation (grassland/shrubland/forest) (20-50%)(Surface cover types (GlobCover2009)),,(unknown) at middle relative elevation within valleys of middle altitude,,"CLIMAT(C) - deprecated:Closed, GOS General:Operational, RBON:Operational","CLIMAT(C) - deprecated:Approved,GOS General:Approved,RBON:Approved",	2021-09-08,Mohamed Mezred
AIN-SEFRA,,	1889-01-01,,Operational,Operational,Land (fixed),0-20000-0-60560|primary,Africa,,Algeria,32.75197,-0.59401,1076,,UTC+1,Office National de la Meteorologie Algeria,,,The station was originally registered based on WMO Pub 9 Vol A information containing these observation remarks: CLIMAT(C);METAR;RBCN;RBSN(S);SPECI;SUNDUR (see code table A for explanations). These remarks imply the following additional observations that could not be registered automatically: none.,Desert - Cold arid,Sparse (<15%) vegetation(Surface cover types (GlobCover2009)),,(unknown) at low relative elevation within rises of high altitude,,"CLIMAT(C) - deprecated:Closed, RBCN - deprecated:Closed, RBON:Operational, RBSN(S) - deprecated:Closed","CLIMAT(C) - deprecated:Approved,RBCN - deprecated:Approved,RBON:Approved,RBSN(S) - deprecated:Approved",	2021-09-08,Mohamed Mezred
ALGER PORT,,	1963-01-01,,Operational,Operational,Land (fixed),0-12-0-16ALGCN60369|primary,Africa,,Algeria,36.77451,3.06243,9.3,GPS,UTC+1,Office National de la Meteorologie Algeria,,,,,,,,,"GOS General:Operational, RBON","GOS General:Approved,RBON:Pending",	2024-10-02,Abdelhadi HARROUZ
AMGUID,,	2008-03-27,,Operational,Partly operational,Land (fixed),0-20000-0-60650|primary,Africa,,Algeria,26.4166666667,5.3666666667,614,,UTC+1,Office National de la Meteorologie Algeria,,,The station was originally registered based on WMO Pub 9 Vol A information containing these observation remarks: AUT (see code table A for explanations). These remarks imply the following additional observations that could not be registered automatically: none.,,,,,,GOS General:Operational,GOS General:Approved,	2024-10-09,Abdelhadi HARROUZ
ANESBARAKA,,	2008-07-16,,Operational,Partly operational,Land (fixed),0-20000-0-60691|primary,Africa,,Algeria,19.4333333333,4.65,477,,UTC+1,Office National de la Meteorologie Algeria,,,The station was originally registered based on WMO Pub 9 Vol A information containing these observation remarks: AUT (see code table A for explanations). These remarks imply the following additional observations that could not be registered automatically: none.,,,,,,GOS General:Operational,GOS General:Approved,	2024-10-02,Abdelhadi HARROUZ
ANNABA,,	1927-01-01,,Operational,Operational,Land (fixed),0-20000-0-60360|primary,Africa,,Algeria,36.822222,7.8025,3,,UTC+1,Office National de la Meteorologie Algeria,,,The station was originally registered based on WMO Pub 9 Vol A information containing these observation remarks: A;CLIMAT(C);EVAP;METAR;RBCN;RBSN(S);SOILTEMP;SUNDUR (see code table A for explanations). These remarks imply the following additional observations that could not be registered automatically: none.,,Artificial surfaces and associated areas (Urban areas >50%)(Surface cover types (GlobCover2009)),,(unknown) at lowest relative elevation within hills of very low altitude,,"CLIMAT(C) - deprecated:Closed, GBON:Operational, GOS General:Operational, RBCN - deprecated:Closed, RBON:Operational, RBSN(S) - deprecated:Closed","CLIMAT(C) - deprecated:Approved,GBON:Approved,GOS General:Approved,RBCN - deprecated:Approved,RBON:Approved,RBSN(S) - deprecated:Approved",	2024-10-13,SABBA Abdelhadi
ARAK,ARAK (60660-0),	2007-09-18,,Operational,Silent,Land (fixed),0-20000-0-60660|primary,Africa,,Algeria,25.2666666667,3.7333333333,556,,,Office National de la Meteorologie Algeria,,,The station was originally registered based on WMO Pub 9 Vol A information containing these observation remarks: AUT (see code table A for explanations). These remarks imply the following additional observations that could not be registered automatically: none.,,,,,,GOS General:Operational,GOS General:Approved,	2024-10-09,Abdelhadi HARROUZ
ARZEW,,	1984-01-01,,Operational,Operational,Land (fixed),0-20000-0-60452|primary,Africa,,Algeria,35.81688,-0.26837,3,,UTC+1,Office National de la Meteorologie Algeria,,,The station was originally registered based on WMO Pub 9 Vol A information containing these observation remarks: C;CLIMAT(C);METAR;RBCN;SPECI (see code table A for explanations). These remarks imply the following additional observations that could not be registered automatically: none.,Warm temperate - Dry and hot summer,Artificial surfaces and associated areas (Urban areas >50%)(Surface cover types (GlobCover2009)),,(unknown) at lowest relative elevation within plains of very low altitude,,"CLIMAT(C) - deprecated:Closed, GBON:Operational, RBCN - deprecated:Closed, RBON:Operational","CLIMAT(C) - deprecated:Approved,GBON:Approved,RBCN - deprecated:Approved,RBON:Approved",	2021-09-08,Mohamed Mezred
ASSEKREM,,	2007-08-14,,Operational,Partly operational,Land (fixed),0-20000-0-60679|primary,Africa,,Algeria,23.26116,5.63115,2710,GPS,UTC+1,Office National de la Meteorologie Algeria,,,The station was originally registered based on WMO Pub 9 Vol A information containing these observation remarks: AUT;OZONE (see code table A for explanations). These remarks imply the following additional observations that could not be registered automatically: Ozone observations.,Desert - Hot arid,Bare areas(Surface cover types (GlobCover2009)),,(unknown) at high relative elevation within rises of high altitude,,GOS General:Operational,GOS General:Approved,	2022-05-24,Mohamed Mezred
Assekrem,,	1997-03-01,,Operational,Unknown,Land (fixed),0-20008-0-ASK|primary,Africa,,Algeria,23.26116,5.63115,2710,GPS,UTC+1,,http://www.meteo.dz/html/station_vag.htm,,The station is located on the summit (plateau) of the second highest point of the Hoggar mountain range in the Saharan desert. The site is very remote at a distance of 50 km from Tamanrasset. Touristic activities in the area are limited due to difficult access to a few dozen visitors per day. Vegetation is extremely sparse.,Desert - Hot arid,Bare areas(Surface cover types (GlobCover2009)),,(unknown) at high relative elevation within rises of high altitude,,"GAW Global:Operational, NOAA-GML:Operational","GAW Global:Approved,NOAA-GML:Approved",	2023-09-21,Sidi BAIKA
BARAKI,,	2008-01-22,,Operational,Silent,Land (fixed),0-20000-0-60394|primary,Africa,,Algeria,36.6833333333,3.1,32,,,Office National de la Meteorologie Algeria,,,The station was originally registered based on WMO Pub 9 Vol A information containing these observation remarks: AUT (see code table A for explanations). These remarks imply the following additional observations that could not be registered automatically: none.,,,,,,GOS General:Operational,GOS General:Approved,	2022-10-10,Mohamed Mezred
BARIKA,,	1987-08-01,,Operational,Operational,Land (fixed),0-12-0-05BATCN60471|primary,Africa,,Algeria,35.34787,5.33993,460,GPS,UTC+1,Office National de la Meteorologie Algeria,,,,Desert - Cold arid,Sparse (<15%) vegetation(Surface cover types (GlobCover2009)),,(unknown) at low relative elevation within hills of middle altitude,19|460,GOS General:Operational,GOS General:Approved,	2023-06-01,Mohamed Mezred
BATNA,,	1878-01-01,,Operational,Operational,Land (fixed),0-20000-0-60468|primary,Africa,,Algeria,35.76083,6.31972,821.29,,UTC+1,Office National de la Meteorologie Algeria,,,The station was originally registered based on WMO Pub 9 Vol A information containing these observation remarks: A;CLIMAT(C);EVAP;METAR;RBCN;RBSN(S);SPECI;SUNDUR (see code table A for explanations). These remarks imply the following additional observations that could not be registered automatically: none.,Warm temperate - Dry and hot summer,Sparse (<15%) vegetation(Surface cover types (GlobCover2009)),,(unknown) at lowest relative elevation within hills of middle altitude,,"CLIMAT(C) - deprecated:Closed, GBON:Operational, RBCN - deprecated:Closed, RBON:Operational, RBSN(S) - deprecated:Closed","CLIMAT(C) - deprecated:Approved,GBON:Approved,RBCN - deprecated:Approved,RBON:Approved,RBSN(S) - deprecated:Approved",	2024-10-13,SABBA Abdelhadi
BECHAR,,	1949-01-01,,Operational,Operational,Land (fixed),0-20000-0-60571|primary,Africa,,Algeria,31.65428,-2.25236,808.64,,UTC+1,Office National de la Meteorologie Algeria,,,The station was originally registered based on WMO Pub 9 Vol A information containing these observation remarks: A;CLIMAT(C);EVAP;METAR;RBCN;RBSN(ST);SPECI;SUNDUR (see code table A for explanations). These remarks imply the following additional observations that could not be registered automatically: none.,Desert - Hot arid,Bare areas(Surface cover types (GlobCover2009)),,(unknown) at low relative elevation within valleys of middle altitude,,"CLIMAT(C) - deprecated:Closed, GBON:Operational, RBCN - deprecated:Closed, RBON:Operational, RBSN(ST) - deprecated:Closed","CLIMAT(C) - deprecated:Approved,GBON:Approved,RBCN - deprecated:Approved,RBON:Approved,RBSN(ST) - deprecated:Approved",	2024-10-13,SABBA Abdelhadi
BEJAIA-AEROPORT,,	1968-11-01,,Operational,Operational,Land (fixed),0-20000-0-60402|primary,Africa,,Algeria,36.7166666667,5.0666666667,1.76,,,Office National de la Meteorologie Algeria,,,The station was originally registered based on WMO Pub 9 Vol A information containing these observation remarks: A;CLIMAT(C);EVAP;METAR;RBCN;RBSN(S);SPECI;SUNDUR (see code table A for explanations). These remarks imply the following additional observations that could not be registered automatically: none.,,,,,,"CLIMAT(C) - deprecated:Closed, GBON:Operational, RBCN - deprecated:Closed, RBON:Operational, RBSN(S) - deprecated:Closed","CLIMAT(C) - deprecated:Approved,GBON:Approved,RBCN - deprecated:Approved,RBON:Approved,RBSN(S) - deprecated:Approved",	2024-10-13,SABBA Abdelhadi
BENI OUNIF,,	2010-05-01,,Operational,Operational,Land (fixed),0-12-0-08BECCN60577|primary,Africa,,Algeria,32.05138,-1.26527,830,GPS,,Office National de la Meteorologie Algeria,,,,Warm temperate - Dry and hot summer,Artificial surfaces and associated areas (Urban areas >50%)(Surface cover types (GlobCover2009)),,(unknown) at low relative elevation within hills of middle altitude,,GOS General:Operational,GOS General:Approved,	2023-06-01,Mohamed Mezred
BENI-ABBES,,	1931-01-01,,Operational,Operational,Land (fixed),0-20000-0-60602|primary,Africa,,Algeria,30.12846,-2.14953,510,,UTC+1,Office National de la Meteorologie Algeria,,,The station was originally registered based on WMO Pub 9 Vol A information containing these observation remarks: CLIMAT(C);METAR;RBCN;RBSN(S);SPECI;SUNDUR (see code table A for explanations). These remarks imply the following additional observations that could not be registered automatically: none.,Desert - Hot arid,Bare areas(Surface cover types (GlobCover2009)),,(unknown) at middle relative elevation within hollows of middle altitude,,"CLIMAT(C) - deprecated:Closed, GOS General:Operational, RBCN - deprecated:Closed, RBON:Operational, RBSN(S) - deprecated:Closed","CLIMAT(C) - deprecated:Approved,GOS General:Approved,RBCN - deprecated:Approved,RBON:Pending,RBSN(S) - deprecated:Approved",	2023-08-08,Madjid Aberkane
BENI-SAF,,	1977-01-01,,Operational,Operational,Land (fixed),0-20000-0-60518|primary,Africa,,Algeria,35.30099,-1.39514,68,,UTC+1,Office National de la Meteorologie Algeria,,,The station was originally registered based on WMO Pub 9 Vol A information containing these observation remarks: C;CLIMAT(C);METAR;RBCN;RBSN(S);SEA;SPECI (see code table A for explanations). These remarks imply the following additional observations that could not be registered automatically: State of sea observations.,Warm temperate - Dry and hot summer,Mosaic vegetation (grassland/shrubland/forest) (50-70%) / cropland (20-50%) (Surface cover types (GlobCover2009)),,(unknown) at low relative elevation within hills of very low altitude,,"CLIMAT(C) - deprecated:Closed, RBCN - deprecated:Closed, RBON:Operational, RBSN(S) - deprecated:Closed","CLIMAT(C) - deprecated:Approved,RBCN - deprecated:Approved,RBON:Approved,RBSN(S) - deprecated:Approved",	2021-09-08,Mohamed Mezred
BIDON 5,,	2008-06-17,,Operational,Partly operational,Land (fixed),0-20000-0-60685|primary,Africa,,Algeria,22.3166666667,1.1166666667,392,,UTC+1,Office National de la Meteorologie Algeria,,,The station was originally registered based on WMO Pub 9 Vol A information containing these observation remarks: AUT (see code table A for explanations). These remarks imply the following additional observations that could not be registered automatically: none.,,,,,,GOS General:Operational,GOS General:Approved,	2024-10-02,Abdelhadi HARROUZ
BISKRA,,	1878-01-01,,Operational,Operational,Land (fixed),0-20000-0-60525|primary,Africa,,Algeria,34.8,5.7333333333,82,,,Office National de la Meteorologie Algeria,,,The station was originally registered based on WMO Pub 9 Vol A information containing these observation remarks: A;CLIMAT(C);EVAP;METAR;RBCN;RBSN(S);SPECI;SUNDUR (see code table A for explanations). These remarks imply the following additional observations that could not be registered automatically: none.,,,,,,"CLIMAT(C) - deprecated:Closed, GBON:Operational, RBCN - deprecated:Closed, RBON:Operational, RBSN(S) - deprecated:Closed","CLIMAT(C) - deprecated:Approved,GBON:Approved,RBCN - deprecated:Approved,RBON:Approved,RBSN(S) - deprecated:Approved",	2024-10-13,SABBA Abdelhadi
BORDJ EL BAHRI,,	1983-01-01,,Operational,Silent,Land (fixed),0-20000-0-60376|primary,Africa,,Algeria,36.7833333333,3.25,16,,,Office National de la Meteorologie Algeria,,,The station was originally registered based on WMO Pub 9 Vol A information containing these observation remarks: AUT (see code table A for explanations). These remarks imply the following additional observations that could not be registered automatically: none.,,,,,,GOS General:Operational,GOS General:Approved,	2022-10-10,Mohamed Mezred
BORDJ HAOUAS,,	2008-04-08,,Operational,Partly operational,Land (fixed),0-20000-0-60664|primary,Africa,,Algeria,24.8333333333,8.3166666667,1104,,,Office National de la Meteorologie Algeria,,,The station was originally registered based on WMO Pub 9 Vol A information containing these observation remarks: AUT (see code table A for explanations). These remarks imply the following additional observations that could not be registered automatically: none.,,,,,,GOS General:Operational,GOS General:Approved,	2024-09-18,Abdelhadi HARROUZ
BORDJ-BADJ-MOKHTAR,,	1985-01-01,,Operational,Operational,Land (fixed),0-20000-0-60686|primary,Africa,,Algeria,21.37609,0.93205,395,,UTC+1,Office National de la Meteorologie Algeria,,,The station was originally registered based on WMO Pub 9 Vol A information containing these observation remarks: A;CLIMAT(C);EVAP;M/B;RBSN(S);SPECI;SUNDUR (see code table A for explanations). These remarks imply the following additional observations that could not be registered automatically: Station making reports of sudden changes.,Desert - Hot arid,Bare areas(Surface cover types (GlobCover2009)),,(unknown) at middle relative elevation within hollows of middle altitude,,"CLIMAT(C) - deprecated:Closed, GBON:Operational, RBON:Operational, RBSN(S) - deprecated:Closed","CLIMAT(C) - deprecated:Approved,GBON:Approved,RBON:Approved,RBSN(S) - deprecated:Approved",	2024-10-13,SABBA Abdelhadi
BORDJ-BOU-ARRERIDJ,,	1979-01-01,,Operational,Operational,Land (fixed),0-20000-0-60444|primary,Africa,,Algeria,36.06752,4.79452,955,,UTC+1,Office National de la Meteorologie Algeria,,,The station was originally registered based on WMO Pub 9 Vol A information containing these observation remarks: CLIMAT(C);METAR;RBCN;RBSN(S);SPECI;SUNDUR (see code table A for explanations). These remarks imply the following additional observations that could not be registered automatically: none.,Warm temperate - Dry and hot summer,Artificial surfaces and associated areas (Urban areas >50%)(Surface cover types (GlobCover2009)),,(unknown) at middle relative elevation within hills of middle altitude,,"CLIMAT(C) - deprecated:Closed, RBCN - deprecated:Closed, RBON:Operational, RBSN(S) - deprecated:Closed","CLIMAT(C) - deprecated:Approved,RBCN - deprecated:Approved,RBON:Approved,RBSN(S) - deprecated:Approved",	2022-06-16,Madjid Aberkane
BOU-SAADA,,	1984-01-01,,Operational,Operational,Land (fixed),0-20000-0-60515|primary,Africa,,Algeria,35.3333333333,4.2,459,,,Office National de la Meteorologie Algeria,,,The station was originally registered based on WMO Pub 9 Vol A information containing these observation remarks: CLIMAT(C);EVAP;METAR;RBCN;SPECI;SUNDUR (see code table A for explanations). These remarks imply the following additional observations that could not be registered automatically: none.,,,,,,"CLIMAT(C) - deprecated:Closed, GBON:Operational, GOS General:Operational, RBCN - deprecated:Closed, RBON:Operational","CLIMAT(C) - deprecated:Approved,GBON:Approved,GOS General:Approved,RBCN - deprecated:Approved,RBON:Approved",	2024-10-02,Abdelhadi HARROUZ
BOUCHEGOUF,,	1992-08-01,,Operational,Partly operational,Land (fixed),0-12-0-24GUECN60405|primary,Africa,,Algeria,36.45821,7.70874,110,GPS,,Office National de la Meteorologie Algeria,,,,Warm temperate - Dry and hot summer,Artificial surfaces and associated areas (Urban areas >50%)(Surface cover types (GlobCover2009)),,(unknown) at low relative elevation within hills of middle altitude,27|890,GOS General:Operational,GOS General:Approved,	2023-06-01,Mohamed Mezred
BOUHAROUN,,	1989-01-01,,Operational,Operational,Land (fixed),0-12-0-42TIPCN60377|primary,Africa,,Algeria,36.625972,2.656833,2,GPS,UTC+1,Office National de la Meteorologie Algeria,,,,Warm temperate - Dry and hot summer,Rainfed croplands(Surface cover types (GlobCover2009)),,(unknown) at lowest relative elevation within valleys of very low altitude,16|810,GOS General:Operational,GOS General:Approved,	2024-10-16,Abdelhadi HARROUZ
BOUIRA,,	1989-11-01,,Operational,Operational,Land (fixed),0-12-0-10BRACN60417|primary,Africa,,Algeria,36.36997,3.89507,555,GPS,UTC+1,Office National de la Meteorologie Algeria,,,,Warm Temperate - Fully humid - Hot summer,Artificial surfaces and associated areas (Urban areas >50%)(Surface cover types (GlobCover2009)),,(unknown) at low relative elevation within mountains of middle altitude,32|1110,GOS General:Operational,GOS General:Approved,	2023-06-01,Mohamed Mezred
BOUZAREAH,,	2008-03-17,,Operational,Silent,Land (fixed),0-20000-0-60372|primary,Africa,,Algeria,36.7833333333,3,296,,,Office National de la Meteorologie Algeria,,,The station was originally registered based on WMO Pub 9 Vol A information containing these observation remarks: AUT (see code table A for explanations). These remarks imply the following additional observations that could not be registered automatically: none.,,,,,,GOS General:Operational,GOS General:Approved,	2022-10-10,Mohamed Mezred
CHLEF,,	1963-01-01,,Operational,Partly operational,Land (fixed),0-20000-0-60425|primary,Africa,,Algeria,36.21635,1.3217,159,,UTC+1,Office National de la Meteorologie Algeria,,,The station was originally registered based on WMO Pub 9 Vol A information containing these observation remarks: A;CLIMAT(C);EVAP;METAR;RBSN(S);SPECI;SUNDUR (see code table A for explanations). These remarks imply the following additional observations that could not be registered automatically: none.,Warm temperate - Dry and hot summer,Mosaic cropland (50-70%) / vegetation (grassland/shrubland/forest) (20-50%)(Surface cover types (GlobCover2009)),,(unknown) at low relative elevation within plains of low altitude,,"CLIMAT(C) - deprecated:Closed, GBON:Operational, RBON:Operational, RBSN(S) - deprecated:Closed","CLIMAT(C) - deprecated:Approved,GBON:Approved,RBON:Approved,RBSN(S) - deprecated:Approved",	2024-10-13,SABBA Abdelhadi
CONSTANTINE,,	1934-01-01,,Operational,Operational,Land (fixed),0-20000-0-60419|primary,Africa,,Algeria,36.2778,6.62832,685.2,,UTC+1,Office National de la Meteorologie Algeria,,,The station was originally registered based on WMO Pub 9 Vol A information containing these observation remarks: A;CLIMAT(C);EVAP;METAR;RBCN;RBSN(S);SOILTEMP;SUNDUR (see code table A for explanations). These remarks imply the following additional observations that could not be registered automatically: none.,Warm temperate - Dry and hot summer,Rainfed croplands(Surface cover types (GlobCover2009)),,(unknown) at middle relative elevation within hills of middle altitude,,"CLIMAT(C) - deprecated:Closed, GBON:Operational, GOS General:Operational, RBCN - deprecated:Closed, RBON:Operational, RBSN(S) - deprecated:Closed","CLIMAT(C) - deprecated:Approved,GBON:Approved,GOS General:Approved,RBCN - deprecated:Approved,RBON:Approved,RBSN(S) - deprecated:Approved",	2024-10-13,SABBA Abdelhadi
Columb-BÃ©char,,	1961-01-01,	1961-01-01,Closed,Unknown,Land (fixed),0-20008-0-BEC|primary,Africa,,Algeria,31.6299991608,-2.25,806,,UTC+1,,,,"station closed for measurement ozone, but it is fully operationnal in meteorological parameters (continue ) with two radiosaondages per day : 00 + 12 UTC",Desert - Hot arid,,,,,GAW Regional:Closed,GAW Regional:Approved,	2007-12-10,
DAR EL BEIDA VILLE,,	2007-07-04,,Operational,Silent,Land (fixed),0-20000-0-60393|primary,Africa,,Algeria,36.7,3.2,30,,,Office National de la Meteorologie Algeria,,,The station was originally registered based on WMO Pub 9 Vol A information containing these observation remarks: AUT (see code table A for explanations). These remarks imply the following additional observations that could not be registered automatically: none.,,,,,,GOS General:Operational,GOS General:Approved,	2024-09-18,Abdelhadi HARROUZ
DAR-EL-BEIDA,,	2021-02-04,,Operational,Operational,Land (fixed),0-20000-0-60390|primary,Africa,,Algeria,36.68993,3.21662,25,,UTC+1,Office National de la Meteorologie Algeria,,,The station was originally registered based on WMO Pub 9 Vol A information containing these observation remarks: A;AUT;CLIMAT(C);EVAP;GSN;METAR;RBCN;RBSN(ST);SOLRA;SPECI;SUNDUR (see code table A for explanations). These remarks imply the following additional observations that could not be registered automatically: Solar radiation measurements.,Warm temperate - Dry and hot summer,Artificial surfaces and associated areas (Urban areas >50%)(Surface cover types (GlobCover2009)),,(unknown) at lowest relative elevation within plains of very low altitude,,"CLIMAT(C) - deprecated:Closed, GBON:Operational, GSN:Operational, RBCN - deprecated:Closed, RBON:Operational, RBSN(ST) - deprecated:Closed","CLIMAT(C) - deprecated:Approved,GBON:Approved,GSN:Approved,RBCN - deprecated:Approved,RBON:Approved,RBSN(ST) - deprecated:Approved",	2024-10-13,SABBA Abdelhadi
DELLYS,,	1990-04-01,,Operational,Operational,Land (fixed),0-12-0-35BOUCN60387|primary,Africa,,Algeria,36.89671,3.95527,6,GPS,UTC+1,Office National de la Meteorologie Algeria,,,,Warm temperate - Dry and hot summer,Rainfed croplands(Surface cover types (GlobCover2009)),,(unknown) at lowest relative elevation within hills of low altitude,48|930,GOS General:Operational,GOS General:Approved,	2023-06-01,Mohamed Mezred
DJANET,,	1924-01-01,,Operational,Operational,Land (fixed),0-20000-0-60670|primary,Africa,,Algeria,24.28823,9.46766,968,,UTC+1,Office National de la Meteorologie Algeria,,,The station was originally registered based on WMO Pub 9 Vol A information containing these observation remarks: A;CLIMAT(C);METAR;RBCN;RBSN(S);SPECI;SUNDUR (see code table A for explanations). These remarks imply the following additional observations that could not be registered automatically: none.,Desert - Hot arid,Bare areas(Surface cover types (GlobCover2009)),,(unknown) at low relative elevation within hills of middle altitude,,"CLIMAT(C) - deprecated:Closed, GBON:Operational, RBCN - deprecated:Closed, RBON:Operational, RBSN(S) - deprecated:Closed","CLIMAT(C) - deprecated:Approved,GBON:Approved,RBCN - deprecated:Approved,RBON:Approved,RBSN(S) - deprecated:Approved",	2024-10-13,SABBA Abdelhadi
DJELFA,,	1878-01-01,,Operational,Partly operational,Land (fixed),0-20000-0-60535|primary,Africa,,Algeria,34.65361,3.28138,1180,,UTC+1,Office National de la Meteorologie Algeria,,,The station was originally registered based on WMO Pub 9 Vol A information containing these observation remarks: CLIMAT(C);METAR;RBCN;RBSN(S);SOILTEMP;SPECI;SUNDUR (see code table A for explanations). These remarks imply the following additional observations that could not be registered automatically: none.,Steppe - Cold arid,Artificial surfaces and associated areas (Urban areas >50%)(Surface cover types (GlobCover2009)),,(unknown) at middle relative elevation within hills of high altitude,,"CLIMAT(C) - deprecated:Closed, GOS General:Operational, RBCN - deprecated:Closed, RBON:Operational, RBSN(S) - deprecated:Closed","CLIMAT(C) - deprecated:Approved,GOS General:Approved,RBCN - deprecated:Approved,RBON:Approved,RBSN(S) - deprecated:Approved",	2021-09-08,Mohamed Mezred
EL HARRACH,,	2007-04-02,,Operational,Silent,Land (fixed),0-20000-0-60381|primary,Africa,,Algeria,36.7166666667,3.15,51,,,Office National de la Meteorologie Algeria,,,The station was originally registered based on WMO Pub 9 Vol A information containing these observation remarks: AUT (see code table A for explanations). These remarks imply the following additional observations that could not be registered automatically: none.,,,,,,GOS General:Operational,GOS General:Approved,	2021-09-15,Mohamed Mezred
EL-BAYADH,,	1977-04-01,,Operational,Operational,Land (fixed),0-20000-0-60550|primary,Africa,,Algeria,33.71966,1.09484,1361,,UTC+1,Office National de la Meteorologie Algeria,,,El-bayadh station was transferred from the older site to el bayadh airport from 04 march 2017,Steppe - Cold arid,Sparse (<15%) vegetation(Surface cover types (GlobCover2009)),,(unknown) at low relative elevation within valleys of high altitude,,"CLIMAT(C) - deprecated:Closed, GBON:Operational, GOS General:Operational, RBCN - deprecated:Closed, RBON:Operational, RBSN(S) - deprecated:Closed","CLIMAT(C) - deprecated:Approved,GBON:Approved,GOS General:Approved,RBCN - deprecated:Approved,RBON:Approved,RBSN(S) - deprecated:Approved",	2024-10-13,SABBA Abdelhadi
EL-GOLEA,,	1892-01-01,,Operational,Operational,Land (fixed),0-20000-0-60590|primary,Africa,,Algeria,30.57246,2.86803,397,,UTC+1,Office National de la Meteorologie Algeria,,,The station was originally registered based on WMO Pub 9 Vol A information containing these observation remarks: A;CLIMAT(C);EVAP;GSN;METAR;RBCN;RBSN(S);SPECI;SUNDUR (see code table A for explanations). These remarks imply the following additional observations that could not be registered automatically: none.,Desert - Hot arid,Bare areas(Surface cover types (GlobCover2009)),,(unknown) at middle relative elevation within hollows of middle altitude,,"CLIMAT(C) - deprecated:Closed, GBON:Operational, GSN:Operational, RBCN - deprecated:Closed, RBON:Operational, RBSN(S) - deprecated:Closed","CLIMAT(C) - deprecated:Approved,GBON:Approved,GSN:Approved,RBCN - deprecated:Approved,RBON:Approved,RBSN(S) - deprecated:Approved",	2024-10-13,SABBA Abdelhadi
EL-KHEITER,,	1967-01-01,,Silent,Partly operational,Land (fixed),0-20000-0-60540|primary,Africa,,Algeria,34.15444,0.06464,1000,,UTC+1,Office National de la Meteorologie Algeria,,,The station was originally registered based on WMO Pub 9 Vol A information containing these observation remarks: CLIMAT(C);METAR;RBCN;RBSN(S);SOILTEMP;SPECI;SUNDUR (see code table A for explanations). These remarks imply the following additional observations that could not be registered automatically: none.,Steppe - Cold arid,Bare areas(Surface cover types (GlobCover2009)),,(unknown) at middle relative elevation within hollows of high altitude,,"CLIMAT(C) - deprecated:Closed, GOS General:Stand-by, RBCN - deprecated:Closed, RBON:Stand-by, RBSN(S) - deprecated:Closed","CLIMAT(C) - deprecated:Approved,GOS General:Approved,RBCN - deprecated:Approved,RBON:Approved,RBSN(S) - deprecated:Approved",	2024-11-05,Abdelhadi HARROUZ
EL-OUED,,	1964-01-01,,Operational,Operational,Land (fixed),0-20000-0-60559|primary,Africa,,Algeria,33.50618,6.78841,63,,UTC+1,Office National de la Meteorologie Algeria,,,The station was originally registered based on WMO Pub 9 Vol A information containing these observation remarks: A;CLIMAT(C);METAR;RBCN;RBSN(S);SPECI;SUNDUR (see code table A for explanations). These remarks imply the following additional observations that could not be registered automatically: none.,Desert - Hot arid,Bare areas(Surface cover types (GlobCover2009)),,(unknown) at middle relative elevation within hollows of very low altitude,,"CLIMAT(C) - deprecated:Closed, GBON:Operational, RBCN - deprecated:Closed, RBON:Operational, RBSN(S) - deprecated:Closed","CLIMAT(C) - deprecated:Approved,GBON:Approved,RBCN - deprecated:Approved,RBON:Approved,RBSN(S) - deprecated:Approved",	2024-10-13,SABBA Abdelhadi
FADNOUNE,,	2008-04-11,,Operational,Partly operational,Land (fixed),0-20000-0-60662|primary,Africa,,Algeria,25.8166666667,8.1833333333,1291,,,Office National de la Meteorologie Algeria,,,The station was originally registered based on WMO Pub 9 Vol A information containing these observation remarks: AUT (see code table A for explanations). These remarks imply the following additional observations that could not be registered automatically: none.,,,,,,GOS General:Operational,GOS General:Approved,	2021-09-15,Mohamed Mezred
GARADJEBILET,,	2007-08-19,,Operational,Silent,Land (fixed),0-20000-0-60624|primary,Africa,,Algeria,26.75,-7.25,400,,,Office National de la Meteorologie Algeria,,,The station was originally registered based on WMO Pub 9 Vol A information containing these observation remarks: AUT (see code table A for explanations). These remarks imply the following additional observations that could not be registered automatically: none.,,,,,,GOS General:Operational,GOS General:Approved,	2024-09-18,Abdelhadi HARROUZ
GHARDAIA,,	1888-01-01,,Operational,Operational,Land (fixed),0-20000-0-60566|primary,Africa,,Algeria,32.38638,3.78361,466,,UTC+1,Office National de la Meteorologie Algeria,,,The station was originally registered based on WMO Pub 9 Vol A information containing these observation remarks: A;AUT;CLIMAT(C);EVAP;METAR;RBCN;RBSN(S);SOLRA;SPECI;SUNDUR (see code table A for explanations). These remarks imply the following additional observations that could not be registered automatically: Solar radiation measurements.,Desert - Hot arid,Bare areas(Surface cover types (GlobCover2009)),,(unknown) at middle relative elevation within rises of middle altitude,,"CLIMAT(C) - deprecated:Closed, GBON:Operational, RBCN - deprecated:Closed, RBON:Operational, RBSN(S) - deprecated:Closed","CLIMAT(C) - deprecated:Approved,GBON:Approved,RBCN - deprecated:Approved,RBON:Approved,RBSN(S) - deprecated:Approved",	2024-10-13,SABBA Abdelhadi
GHAZAOUET,,	1995-01-01,,Operational,Partly operational,Land (fixed),0-20000-0-60517|primary,Africa,,Algeria,35.09807,-1.86335,20,,UTC+1,Office National de la Meteorologie Algeria,,,The station was originally registered based on WMO Pub 9 Vol A information containing these observation remarks: C;CLIMAT(C);METAR;RBCN;SEA;SPECI (see code table A for explanations). These remarks imply the following additional observations that could not be registered automatically: State of sea observations.,Warm temperate - Dry and hot summer,Artificial surfaces and associated areas (Urban areas >50%)(Surface cover types (GlobCover2009)),,(unknown) at lowest relative elevation within valleys of low altitude,,"CLIMAT(C) - deprecated:Closed, GOS General:Operational, RBCN - deprecated:Closed, RBON:Operational","CLIMAT(C) - deprecated:Approved,GOS General:Approved,RBCN - deprecated:Approved,RBON:Approved",	2021-09-08,Mohamed Mezred
GUELMA,,	1878-01-01,,Operational,Operational,Land (fixed),0-20000-0-60403|primary,Africa,,Algeria,36.45641,7.47944,227,,UTC+1,Office National de la Meteorologie Algeria,,,The station was originally registered based on WMO Pub 9 Vol A information containing these observation remarks: CLIMAT(C);EVAP;METAR;RBCN;SOILTEMP;SPECI;SUNDUR (see code table A for explanations). These remarks imply the following additional observations that could not be registered automatically: none.,Warm temperate - Dry and hot summer,Artificial surfaces and associated areas (Urban areas >50%)(Surface cover types (GlobCover2009)),,(unknown) at low relative elevation within rises of middle altitude,,"CLIMAT(C) - deprecated:Closed, GOS General:Operational, RBCN - deprecated:Closed, RBON:Operational","CLIMAT(C) - deprecated:Approved,GOS General:Approved,RBCN - deprecated:Approved,RBON:Approved",	2022-07-27,Abdelhadi HARROUZ
HASSI KHEBBI,,	2007-08-28,,Operational,Silent,Land (fixed),0-20000-0-60593|primary,Africa,,Algeria,29.1666666667,-5.2333333333,565,,,Office National de la Meteorologie Algeria,,,The station was originally registered based on WMO Pub 9 Vol A information containing these observation remarks: AUT (see code table A for explanations). These remarks imply the following additional observations that could not be registered automatically: none.,,,,,,GOS General:Operational,GOS General:Approved,	2024-09-18,Abdelhadi HARROUZ
HASSI-MESSAOUD,,	1961-01-01,,Operational,Operational,Land (fixed),0-20000-0-60581|primary,Africa,,Algeria,31.65861,6.14138,140,,UTC+1,Office National de la Meteorologie Algeria,,,The station was originally registered based on WMO Pub 9 Vol A information containing these observation remarks: A;CLIMAT(C);METAR;RBCN;RBSN(S);SPECI;SUNDUR (see code table A for explanations). These remarks imply the following additional observations that could not be registered automatically: none.,Desert - Hot arid,Bare areas(Surface cover types (GlobCover2009)),,(unknown) at low relative elevation within plains of low altitude,,"CLIMAT(C) - deprecated:Closed, GBON:Operational, RBCN - deprecated:Closed, RBON:Operational, RBSN(S) - deprecated:Closed","CLIMAT(C) - deprecated:Approved,GBON:Approved,RBCN - deprecated:Approved,RBON:Approved,RBSN(S) - deprecated:Approved",	2024-10-13,Abdelhadi HARROUZ
HASSIR'MEL,,	2001-01-01,,Operational,Operational,Land (fixed),0-20000-0-60563|primary,Africa,,Algeria,32.93416,3.30333,765,,UTC+1,Office National de la Meteorologie Algeria,,,The station was originally registered based on WMO Pub 9 Vol A information containing these observation remarks: A;CLIMAT(C);METAR;SPECI;SUNDUR (see code table A for explanations). These remarks imply the following additional observations that could not be registered automatically: none.,Desert - Hot arid,Bare areas(Surface cover types (GlobCover2009)),,(unknown) at middle relative elevation within hollows of middle altitude,,"CLIMAT(C) - deprecated:Closed, GBON:Operational, GOS General:Operational, RBON:Operational","CLIMAT(C) - deprecated:Approved,GBON:Approved,GOS General:Approved,RBON:Approved",	2024-10-13,Abdelhadi HARROUZ
ILLIZI,,	1966-01-01,,Operational,Operational,Land (fixed),0-20000-0-60640|primary,Africa,,Algeria,26.71916,8.61722,542,,UTC+1,Office National de la Meteorologie Algeria,,,The station was originally registered based on WMO Pub 9 Vol A information containing these observation remarks: A;CLIMAT(C);METAR;RBCN;RBSN(S);SPECI;SUNDUR (see code table A for explanations). These remarks imply the following additional observations that could not be registered automatically: none.,Desert - Hot arid,Bare areas(Surface cover types (GlobCover2009)),,(unknown) at low relative elevation within rises of middle altitude,,"CLIMAT(C) - deprecated:Closed, GBON:Operational, RBCN - deprecated:Closed, RBON:Operational, RBSN(S) - deprecated:Closed","CLIMAT(C) - deprecated:Approved,GBON:Approved,RBCN - deprecated:Approved,RBON:Approved,RBSN(S) - deprecated:Approved",	2024-10-13,Abdelhadi HARROUZ
IN ATEI,,	2008-07-30,,Operational,Silent,Land (fixed),0-20000-0-60693|primary,Africa,,Algeria,20.5666666667,6.1166666667,471,,UTC+1,Office National de la Meteorologie Algeria,,,The station was originally registered based on WMO Pub 9 Vol A information containing these observation remarks: AUT (see code table A for explanations). These remarks imply the following additional observations that could not be registered automatically: none.,,,,,,GOS General:Operational,GOS General:Approved,	2024-09-18,Abdelhadi HARROUZ
IN AZAOUA,,	2008-07-23,,Operational,Partly operational,Land (fixed),0-20000-0-60694|primary,Africa,,Algeria,20.9666666667,7.45,517,,UTC+1,Office National de la Meteorologie Algeria,,,The station was originally registered based on WMO Pub 9 Vol A information containing these observation remarks: AUT (see code table A for explanations). These remarks imply the following additional observations that could not be registered automatically: none.,,,,,,GOS General:Operational,GOS General:Approved,	2024-10-02,Abdelhadi HARROUZ
IN AZZANE,,	2007-12-14,,Operational,Silent,Land (fixed),0-20000-0-60676|primary,Africa,,Algeria,23.4833333333,11.2333333333,912,,,Office National de la Meteorologie Algeria,,,The station was originally registered based on WMO Pub 9 Vol A information containing these observation remarks: AUT (see code table A for explanations). These remarks imply the following additional observations that could not be registered automatically: none.,,,,,,GOS General:Operational,GOS General:Approved,	2024-10-09,Abdelhadi HARROUZ
IN GUEZZAM,,	2008-05-07,,Operational,Partly operational,Land (fixed),0-20000-0-60692|primary,Africa,,Algeria,19.5666666667,5.75,401,,,Office National de la Meteorologie Algeria,,,The station was originally registered based on WMO Pub 9 Vol A information containing these observation remarks: AUT (see code table A for explanations). These remarks imply the following additional observations that could not be registered automatically: none.,,,,,,GOS General:Operational,GOS General:Approved,	2023-05-21,Madjid Aberkane
IN ZIZA,,	2008-06-04,	2016-04-28,Closed,Unknown,Land (fixed),0-20000-0-60633|primary,Africa,,Algeria,23.2166666667,2.5833333333,443,,,Office National de la Meteorologie Algeria,,,The station was originally registered based on WMO Pub 9 Vol A information containing these observation remarks: AUT (see code table A for explanations). These remarks imply the following additional observations that could not be registered automatically: none.,,,,,,GOS General:Closed,GOS General:Approved,	2024-09-18,Abdelhadi HARROUZ
IN-AMENAS,,	1963-01-01,,Operational,Operational,Land (fixed),0-20000-0-60611|primary,Africa,,Algeria,28.05294,9.63959,561,,UTC+1,Office National de la Meteorologie Algeria,,,The station was originally registered based on WMO Pub 9 Vol A information containing these observation remarks: A;AUT;CLIMAT(C);GSN;METAR;RBCN;RBSN(S);SPECI;SUNDUR (see code table A for explanations). These remarks imply the following additional observations that could not be registered automatically: none.,Desert - Hot arid,Bare areas(Surface cover types (GlobCover2009)),,(unknown) at middle relative elevation within rises of middle altitude,,"CLIMAT(C) - deprecated:Closed, GBON:Operational, GSN:Operational, RBCN - deprecated:Closed, RBON:Operational, RBSN(S) - deprecated:Closed","CLIMAT(C) - deprecated:Approved,GBON:Approved,GSN:Approved,RBCN - deprecated:Approved,RBON:Approved,RBSN(S) - deprecated:Approved",	2024-10-13,Abdelhadi HARROUZ
IN-GUEZZAM,,	1985-01-01,,Operational,Partly operational,Land (fixed),0-20000-0-60690|primary,Africa,,Algeria,19.5655,5.75412,400,GPS,UTC+1,Office National de la Meteorologie Algeria,,,The station was originally registered based on WMO Pub 9 Vol A information containing these observation remarks: A;CLIMAT(C);METAR;RBCN;SPECI;SUNDUR (see code table A for explanations). These remarks imply the following additional observations that could not be registered automatically: none.,Desert - Hot arid,Bare areas(Surface cover types (GlobCover2009)),,(unknown) at low relative elevation within rises of middle altitude,,"CLIMAT(C) - deprecated:Closed, GBON:Operational, GOS General:Operational, RBCN - deprecated:Closed, RBON:Operational","CLIMAT(C) - deprecated:Approved,GBON:Approved,GOS General:Approved,RBCN - deprecated:Approved,RBON:Approved",	2024-10-14,Abdelhadi HARROUZ
IN-SALAH,,	1911-01-01,,Operational,Operational,Land (fixed),0-20000-0-60630|primary,Africa,,Algeria,27.2537,2.51164,268,,UTC+1,Office National de la Meteorologie Algeria,,,The station was originally registered based on WMO Pub 9 Vol A information containing these observation remarks: A;CLIMAT(C);EVAP;METAR;RBCN;RBSN(ST);SPECI;SUNDUR (see code table A for explanations). These remarks imply the following additional observations that could not be registered automatically: none.,Desert - Hot arid,Bare areas(Surface cover types (GlobCover2009)),,(unknown) at low relative elevation within hollows of low altitude,,"CLIMAT(C) - deprecated:Closed, GBON:Operational, RBCN - deprecated:Closed, RBON:Operational, RBSN(ST) - deprecated:Closed","CLIMAT(C) - deprecated:Approved,GBON:Approved,RBCN - deprecated:Approved,RBON:Approved,RBSN(ST) - deprecated:Approved",	2024-10-13,Abdelhadi HARROUZ
JIJEL- ACHOUAT,,	1981-01-01,,Operational,Operational,Land (fixed),0-20000-0-60351|primary,Africa,,Algeria,36.79472,5.87722,8,,UTC+1,Office National de la Meteorologie Algeria,,,The station was originally registered based on WMO Pub 9 Vol A information containing these observation remarks: A;CLIMAT(C);EVAP;METAR;RBCN;RBSN(S);SOILTEMP;SPECI;SUNDUR (see code table A for explanations). These remarks imply the following additional observations that could not be registered automatically: none.,Warm temperate - Dry and hot summer,Mosaic vegetation (grassland/shrubland/forest) (50-70%) / cropland (20-50%) (Surface cover types (GlobCover2009)),,(unknown) at lowest relative elevation within rises of low altitude,,"CLIMAT(C) - deprecated:Closed, GBON:Operational, GOS General:Operational, RBCN - deprecated:Closed, RBON:Operational, RBSN(S) - deprecated:Closed","CLIMAT(C) - deprecated:Approved,GBON:Approved,GOS General:Approved,RBCN - deprecated:Approved,RBON:Approved,RBSN(S) - deprecated:Approved",	2024-10-15,Abdelhadi HARROUZ
JIJEL-PORT,,	1993-01-01,	2020-01-01,Closed,Unknown,Land (fixed),0-20000-0-60353|primary,Africa,,Algeria,36.8166666667,5.8833333333,2,,,Office National de la Meteorologie Algeria,,,The station was originally registered based on WMO Pub 9 Vol A information containing these observation remarks: C;CLIMAT(C);EVAP;M/B;SUNDUR (see code table A for explanations). These remarks imply the following additional observations that could not be registered automatically: Station making reports of sudden changes.,,,,,,"CLIMAT(C) - deprecated:Closed, GOS General:Closed, RBON:Closed","CLIMAT(C) - deprecated:Approved,GOS General:Approved,RBON:Approved",	2021-06-20,Mohamed Mezred
KHENCHELLA,,	1996-01-01,,Operational,Operational,Land (fixed),0-20000-0-60476|primary,Africa,,Algeria,35.4666666667,7.0833333333,983,,,Office National de la Meteorologie Algeria,,,The station was originally registered based on WMO Pub 9 Vol A information containing these observation remarks: CLIMAT(C);EVAP;METAR;SPECI;SUNDUR (see code table A for explanations). These remarks imply the following additional observations that could not be registered automatically: none.,,,,,,"CLIMAT(C) - deprecated:Closed, GOS General:Operational, RBON:Operational","CLIMAT(C) - deprecated:Approved,GOS General:Approved,RBON:Approved",	2022-06-16,Mohamed Mezred
KOUBA,,	2008-05-06,,Operational,Partly operational,Land (fixed),0-20000-0-60370|primary,Africa,,Algeria,36.7166666667,3.1,84,,,Office National de la Meteorologie Algeria,,,The station was originally registered based on WMO Pub 9 Vol A information containing these observation remarks: AUT (see code table A for explanations). These remarks imply the following additional observations that could not be registered automatically: none.,,,,,,GOS General:Operational,GOS General:Approved,	2022-10-10,Mohamed Mezred
KRECHBA,,	2016-11-13,,Operational,Operational,Land (fixed),0-20000-0-60585|primary,Africa,,Algeria,29.07161,2.20815,465.39,GPS,UTC+1,Office National de la Meteorologie Algeria,,,,Desert - Hot arid,Bare areas(Surface cover types (GlobCover2009)),,(unknown) at middle relative elevation within plains of middle altitude,,"GBON:Operational, GOS General:Operational","GBON:Approved,GOS General:Approved",	2024-10-13,SABBA Abdelhadi
KSAR CHELLALA,,	1993-01-01,,Operational,Operational,Land (fixed),0-20000-0-60514|primary,Africa,,Algeria,35.25222,2.29611,800,,UTC+1,Office National de la Meteorologie Algeria,,,The station was originally registered based on WMO Pub 9 Vol A information containing these observation remarks: CLIMAT(C);METAR;RBCN;SPECI;SUNDUR (see code table A for explanations). These remarks imply the following additional observations that could not be registered automatically: none.,Warm temperate - Dry and hot summer,Bare areas(Surface cover types (GlobCover2009)),,(unknown) at low relative elevation within hills of middle altitude,,"CLIMAT(C) - deprecated:Closed, GOS General:Operational, RBCN - deprecated:Closed, RBON:Operational","CLIMAT(C) - deprecated:Approved,GOS General:Approved,RBCN - deprecated:Approved,RBON:Approved",	2021-09-09,Mohamed Mezred
M'SILA,,	1982-01-01,,Operational,Operational,Land (fixed),0-20000-0-60467|primary,Africa,,Algeria,35.65098,4.49813,441,,UTC+1,Office National de la Meteorologie Algeria,,,The station was originally registered based on WMO Pub 9 Vol A information containing these observation remarks: CLIMAT(C);EVAP;METAR;SOILTEMP;SPECI;SUNDUR (see code table A for explanations). These remarks imply the following additional observations that could not be registered automatically: none.,Warm temperate - Dry and hot summer,Mosaic vegetation (grassland/shrubland/forest) (50-70%) / cropland (20-50%) (Surface cover types (GlobCover2009)),,(unknown) at low relative elevation within rises of middle altitude,,"CLIMAT(C) - deprecated:Closed, GOS General:Operational, RBON:Operational","CLIMAT(C) - deprecated:Approved,GOS General:Approved,RBON:Approved",	2021-09-09,Mohamed Mezred
MAGHNIA,,	1966-01-01,,Operational,Partly operational,Land (fixed),0-20000-0-60522|primary,Africa,,Algeria,34.81143,-1.78242,427,,UTC+1,Office National de la Meteorologie Algeria,,,The station was originally registered based on WMO Pub 9 Vol A information containing these observation remarks: CLIMAT(C);METAR;SPECI;SUNDUR (see code table A for explanations). These remarks imply the following additional observations that could not be registered automatically: none.,Steppe - Cold arid,Mosaic cropland (50-70%) / vegetation (grassland/shrubland/forest) (20-50%)(Surface cover types (GlobCover2009)),,(unknown) at low relative elevation within valleys of middle altitude,,"CLIMAT(C) - deprecated:Closed, GOS General:Operational, RBON:Operational","CLIMAT(C) - deprecated:Approved,GOS General:Approved,RBON:Approved",	2021-09-09,Mohamed Mezred
MASCARA-GHRISS,,	1983-06-01,,Operational,Operational,Land (fixed),0-20000-0-60507|primary,Africa,,Algeria,35.20666,0.1525,511,,UTC+1,Office National de la Meteorologie Algeria,,,The station was originally registered based on WMO Pub 9 Vol A information containing these observation remarks: A;CLIMAT(C);EVAP;METAR;RBCN;RBSN(S);SPECI;SUNDUR (see code table A for explanations). These remarks imply the following additional observations that could not be registered automatically: none.,Warm temperate - Dry and hot summer,Mosaic vegetation (grassland/shrubland/forest) (50-70%) / cropland (20-50%) (Surface cover types (GlobCover2009)),,(unknown) at low relative elevation within valleys of middle altitude,,"CLIMAT(C) - deprecated:Closed, GBON:Operational, RBCN - deprecated:Closed, RBON:Operational, RBSN(S) - deprecated:Closed","CLIMAT(C) - deprecated:Approved,GBON:Approved,RBCN - deprecated:Approved,RBON:Approved,RBSN(S) - deprecated:Approved",	2024-10-13,Abdelhadi HARROUZ
MATRIOUENE,,	2007-11-17,,Operational,Partly operational,Land (fixed),0-20000-0-60621|primary,Africa,,Algeria,27.8666666667,1.1666666667,390,,,Office National de la Meteorologie Algeria,,,The station was originally registered based on WMO Pub 9 Vol A information containing these observation remarks: AUT (see code table A for explanations). These remarks imply the following additional observations that could not be registered automatically: none.,,,,,,GOS General:Operational,GOS General:Approved,	2021-09-15,Mohamed Mezred
MECHERIA,,	1882-01-01,,Operational,Partly operational,Land (fixed),0-20000-0-60549|primary,Africa,,Algeria,33.54581,-0.23527,1123.2,,UTC+1,Office National de la Meteorologie Algeria,,,The station was originally registered based on WMO Pub 9 Vol A information containing these observation remarks: A;CLIMAT(C);EVAP;METAR;RBCN;RBSN(S);SPECI;SUNDUR (see code table A for explanations). These remarks imply the following additional observations that could not be registered automatically: none.,Steppe - Cold arid,Sparse (<15%) vegetation(Surface cover types (GlobCover2009)),,(unknown) at low relative elevation within valleys of high altitude,,"CLIMAT(C) - deprecated:Closed, GBON:Operational, Non-affiliated:Operational, RBCN - deprecated:Closed, RBON:Operational, RBSN(S) - deprecated:Closed","CLIMAT(C) - deprecated:Approved,GBON:Approved,Non-affiliated:Approved,RBCN - deprecated:Approved,RBON:Approved,RBSN(S) - deprecated:Approved",	2024-10-02,Abdelhadi HARROUZ
MEDEA,,	1990-01-01,,Operational,Operational,Land (fixed),0-20000-0-60437|primary,Africa,,Algeria,36.2811,2.73155,1030,,UTC+1,Office National de la Meteorologie Algeria,,,The station was originally registered based on WMO Pub 9 Vol A information containing these observation remarks: CLIMAT(C);EVAP;METAR;RBCN;RBSN(S);SOILTEMP;SPECI;SUNDUR (see code table A for explanations). These remarks imply the following additional observations that could not be registered automatically: none.,Warm temperate - Dry and hot summer,Artificial surfaces and associated areas (Urban areas >50%)(Surface cover types (GlobCover2009)),,(unknown) at middle relative elevation within rises of middle altitude,,"CLIMAT(C) - deprecated:Closed, GOS General:Operational, RBCN - deprecated:Closed, RBON:Operational, RBSN(S) - deprecated:Closed","CLIMAT(C) - deprecated:Approved,GOS General:Approved,RBCN - deprecated:Approved,RBON:Approved,RBSN(S) - deprecated:Approved",	2021-09-09,Mohamed Mezred
MERTOUTEK,,	2007-08-25,,Operational,Operational,Land (fixed),0-20000-0-60672|primary,Africa,,Algeria,24.2166666667,5.5333333333,1343,,,Office National de la Meteorologie Algeria,,,The station was originally registered based on WMO Pub 9 Vol A information containing these observation remarks: AUT (see code table A for explanations). These remarks imply the following additional observations that could not be registered automatically: none.,,,,,,GOS General:Operational,GOS General:Approved,	2021-09-15,Mohamed Mezred
MILA,,	2005-05-01,,Operational,Operational,Land (fixed),0-12-0-43MILCN60407|primary,Africa,,Algeria,36.40082,6.32685,670,GPS,UTC+1,Office National de la Meteorologie Algeria,,,,Warm temperate - Dry and hot summer,Rainfed croplands(Surface cover types (GlobCover2009)),,(unknown) at middle relative elevation within rises of middle altitude,,GOS General:Operational,GOS General:Approved,	2023-06-01,Mohamed Mezred
MILIANA,,	1951-01-01,,Operational,Operational,Land (fixed),0-20000-0-60430|primary,Africa,,Algeria,36.30582,2.2284,715,,UTC+1,Office National de la Meteorologie Algeria,,,The station was originally registered based on WMO Pub 9 Vol A information containing these observation remarks: CLIMAT(C);EVAP;METAR;RBCN;RBSN(S);SOILTEMP;SPECI;SUNDUR (see code table A for explanations). These remarks imply the following additional observations that could not be registered automatically: none.,Warm temperate - Dry and hot summer,Mosaic cropland (50-70%) / vegetation (grassland/shrubland/forest) (20-50%)(Surface cover types (GlobCover2009)),,(unknown) at middle relative elevation within rises of middle altitude,,"CLIMAT(C) - deprecated:Closed, GOS General:Operational, RBCN - deprecated:Closed, RBON:Operational, RBSN(S) - deprecated:Closed","CLIMAT(C) - deprecated:Approved,GOS General:Approved,RBCN - deprecated:Approved,RBON:Approved,RBSN(S) - deprecated:Approved",	2021-09-09,Mohamed Mezred
MOSTAGANEM,,	1852-01-01,,Operational,Operational,Land (fixed),0-20000-0-60457|primary,Africa,,Algeria,35.91166,0.11027,137,,UTC+1,Office National de la Meteorologie Algeria,,,The station was originally registered based on WMO Pub 9 Vol A information containing these observation remarks: CLIMAT(C);EVAP;METAR;RBCN;RBSN(S);SOILTEMP;SPECI;SUNDUR (see code table A for explanations). These remarks imply the following additional observations that could not be registered automatically: none.,,Artificial surfaces and associated areas (Urban areas >50%)(Surface cover types (GlobCover2009)),,(unknown) at middle relative elevation within valleys of low altitude,,"CLIMAT(C) - deprecated:Closed, GOS General:Operational, RBCN - deprecated:Closed, RBON:Operational, RBSN(S) - deprecated:Closed","CLIMAT(C) - deprecated:Approved,GOS General:Approved,RBCN - deprecated:Approved,RBON:Approved,RBSN(S) - deprecated:Approved",	2021-09-09,Mohamed Mezred
MOULAY LAHCEN,,	2007-09-19,,Operational,Partly operational,Land (fixed),0-20000-0-60663|primary,Africa,,Algeria,24.7166666667,4.65,1054,,,Office National de la Meteorologie Algeria,,,The station was originally registered based on WMO Pub 9 Vol A information containing these observation remarks: AUT (see code table A for explanations). These remarks imply the following additional observations that could not be registered automatically: none.,,,,,,GOS General:Operational,GOS General:Approved,	2021-09-15,Mohamed Mezred
NAAMA,,	1995-01-01,,Operational,Operational,Land (fixed),0-20000-0-60557|primary,Africa,,Algeria,33.26108,-0.31744,1166,,UTC+1,Office National de la Meteorologie Algeria,,,The station was originally registered based on WMO Pub 9 Vol A information containing these observation remarks: CLIMAT(C);EVAP;M/B;METAR;SOILTEMP;SPECI;SUNDUR (see code table A for explanations). These remarks imply the following additional observations that could not be registered automatically: Station making reports of sudden changes.,Steppe - Cold arid,Bare areas(Surface cover types (GlobCover2009)),,(unknown) at middle relative elevation within hollows of high altitude,,"CLIMAT(C) - deprecated:Closed, GOS General:Operational, RBON:Operational","CLIMAT(C) - deprecated:Approved,GOS General:Approved,RBON:Approved",	2021-09-09,Mohamed Mezred
ORAN-PORT,,	1880-01-01,,Operational,Operational,Land (fixed),0-20000-0-60461|primary,Africa,,Algeria,35.71055,-0.65305,28,,UTC+1,Office National de la Meteorologie Algeria,,,The station was originally registered based on WMO Pub 9 Vol A information containing these observation remarks: C;CLIMAT(C);EVAP;M/B;SEA;SUNDUR (see code table A for explanations). These remarks imply the following additional observations that could not be registered automatically: Station making reports of sudden changes; State of sea observations.,,Mosaic forest or shrubland (50-70%) / grassland (20-50%)(Surface cover types (GlobCover2009)),,(unknown) at lowest relative elevation within hills of very low altitude,,"CLIMAT(C) - deprecated:Closed, GOS General:Operational, RBON:Operational","CLIMAT(C) - deprecated:Approved,GOS General:Approved,RBON:Approved",	2022-07-21,Madjid Aberkane
ORAN-SENIA,,	1975-01-01,,Operational,Operational,Land (fixed),"0-20000-0-60490|primary,0-12-20000-60490",Africa,,Algeria,35.63111,-0.60388,90,GPS,UTC+1,Office National de la Meteorologie Algeria,,,The station was originally registered based on WMO Pub 9 Vol A information containing these observation remarks: A;AUT;CLIMAT(C);EVAP;METAR;RBCN;RBSN(S);SOLRA;SUNDUR (see code table A for explanations). These remarks imply the following additional observations that could not be registered automatically: Solar radiation measurements.,Warm temperate - Dry and hot summer,Artificial surfaces and associated areas (Urban areas >50%)(Surface cover types (GlobCover2009)),,(unknown) at low relative elevation within hills of low altitude,99000|1.585,"CLIMAT(C) - deprecated:Closed, GBON:Operational, RBCN - deprecated:Closed, RBON:Operational, RBSN(S) - deprecated:Closed","CLIMAT(C) - deprecated:Approved,GBON:Approved,RBCN - deprecated:Approved,RBON:Approved,RBSN(S) - deprecated:Approved",	2024-10-13,Abdelhadi HARROUZ
OUALLEN,,	2008-06-19,,Operational,Silent,Land (fixed),0-20000-0-60675|primary,Africa,,Algeria,23.4,1,358,,,Office National de la Meteorologie Algeria,,,The station was originally registered based on WMO Pub 9 Vol A information containing these observation remarks: AUT (see code table A for explanations). These remarks imply the following additional observations that could not be registered automatically: none.,,,,,,GOS General:Operational,GOS General:Approved,	2024-09-18,Abdelhadi HARROUZ
OUARGLA,,	1892-01-01,,Operational,Operational,Land (fixed),"0-20000-0-60580|primary,0-12-20000-60580",Africa,,Algeria,31.93641,5.41178,143.65,,UTC+1,Office National de la Meteorologie Algeria,,,The station was originally registered based on WMO Pub 9 Vol A information containing these observation remarks: A;CLIMAT(C);METAR;RBCN;RBSN(S);SPECI;SUNDUR (see code table A for explanations). These remarks imply the following additional observations that could not be registered automatically: none.,Desert - Hot arid,Bare areas(Surface cover types (GlobCover2009)),,(unknown) at low relative elevation within hollows of low altitude,,"CLIMAT(C) - deprecated:Closed, GBON:Operational, RBCN - deprecated:Closed, RBON:Operational, RBSN(S) - deprecated:Closed","CLIMAT(C) - deprecated:Approved,GBON:Approved,RBCN - deprecated:Approved,RBON:Approved,RBSN(S) - deprecated:Approved",	2024-10-13,Abdelhadi HARROUZ
OUED KORICHE,,	2008-01-20,,Operational,Partly operational,Land (fixed),0-20000-0-60371|primary,Africa,,Algeria,36.7833333333,3.0333333333,12,,,Office National de la Meteorologie Algeria,,,The station was originally registered based on WMO Pub 9 Vol A information containing these observation remarks: AUT (see code table A for explanations). These remarks imply the following additional observations that could not be registered automatically: none.,,,,,,GOS General:Operational,GOS General:Approved,	2022-10-10,Mohamed Mezred
OUED TAHAGGARET,,	2007-10-27,	2016-04-28,Closed,Unknown,Land (fixed),0-20000-0-60681|primary,Africa,,Algeria,21.6833333333,7.1333333333,573,,,Office National de la Meteorologie Algeria,,,The station was originally registered based on WMO Pub 9 Vol A information containing these observation remarks: AUT (see code table A for explanations). These remarks imply the following additional observations that could not be registered automatically: none.,,,,,,GOS General:Closed,GOS General:Approved,	2024-09-18,Abdelhadi HARROUZ
OUHANET,,	2007-08-11,,Operational,Silent,Land (fixed),0-20000-0-60613|primary,Africa,,Algeria,28.7,8.9333333333,610,,,Office National de la Meteorologie Algeria,,,The station was originally registered based on WMO Pub 9 Vol A information containing these observation remarks: AUT (see code table A for explanations). These remarks imply the following additional observations that could not be registered automatically: none.,,,,,,GOS General:Operational,GOS General:Approved,	2024-10-09,Abdelhadi HARROUZ
OUM EL BOUAGHI,,	1994-01-01,,Operational,Operational,Land (fixed),0-20000-0-60421|primary,Africa,,Algeria,35.8666666667,7.13027,889,,UTC+1,Office National de la Meteorologie Algeria,,,The station was originally registered based on WMO Pub 9 Vol A information containing these observation remarks: CLIMAT(C);METAR;RBCN;RBSN(S);SPECI;SUNDUR (see code table A for explanations). These remarks imply the following additional observations that could not be registered automatically: none.,Warm temperate - Dry and hot summer,Sparse (<15%) vegetation(Surface cover types (GlobCover2009)),,(unknown) at low relative elevation within hills of middle altitude,,"CLIMAT(C) - deprecated:Closed, RBCN - deprecated:Closed, RBON:Operational, RBSN(S) - deprecated:Closed","CLIMAT(C) - deprecated:Approved,RBCN - deprecated:Approved,RBON:Approved,RBSN(S) - deprecated:Approved",	2021-09-09,Mohamed Mezred
REGGANE,,	2009-02-03,,Operational,Silent,Land (fixed),0-20000-0-60645|primary,Africa,,Algeria,26.7166666667,-0.1833333333,214,,,Office National de la Meteorologie Algeria,,,The station was originally registered based on WMO Pub 9 Vol A information containing these observation remarks: AUT (see code table A for explanations). These remarks imply the following additional observations that could not be registered automatically: none.,,,,,,GOS General:Operational,GOS General:Approved,	2024-09-18,Abdelhadi HARROUZ
REGHAIA,,	1963-01-01,,Operational,Silent,Land (fixed),0-20000-0-60379|primary,Africa,,Algeria,36.7666666667,3.3333333333,4,,,Office National de la Meteorologie Algeria,,,The station was originally registered based on WMO Pub 9 Vol A information containing these observation remarks: AUT (see code table A for explanations). These remarks imply the following additional observations that could not be registered automatically: none.,,,,,,GOS General:Operational,GOS General:Approved,	2022-10-10,Mohamed Mezred
RHOURD NOUSS,,	2002-01-01,,Operational,Operational,Land (fixed),0-20000-0-60603|primary,Africa,,Algeria,29.7352,6.71306,252,,UTC+1,Office National de la Meteorologie Algeria,,,The station was originally registered based on WMO Pub 9 Vol A information containing these observation remarks: (see code table A for explanations). These remarks imply the following additional observations that could not be registered automatically: none.,Desert - Hot arid,Bare areas(Surface cover types (GlobCover2009)),,(unknown) at low relative elevation within rises of low altitude,,"GBON:Operational, GOS General:Operational","GBON:Approved,GOS General:Approved",	2024-10-02,Abdelhadi HARROUZ
SAIDA,,	1978-01-01,,Operational,Operational,Land (fixed),0-20000-0-60536|primary,Africa,,Algeria,34.89186,0.15774,750,,UTC+1,Office National de la Meteorologie Algeria,,,The station was originally registered based on WMO Pub 9 Vol A information containing these observation remarks: CLIMAT(C);METAR;RBCN;RBSN(S);SOILTEMP;SPECI;SUNDUR (see code table A for explanations). These remarks imply the following additional observations that could not be registered automatically: none.,Warm temperate - Dry and hot summer,Artificial surfaces and associated areas (Urban areas >50%)(Surface cover types (GlobCover2009)),,(unknown) at middle relative elevation within valleys of middle altitude,,"CLIMAT(C) - deprecated:Closed, GOS General:Operational, RBCN - deprecated:Closed, RBON:Operational, RBSN(S) - deprecated:Closed","CLIMAT(C) - deprecated:Approved,GOS General:Approved,RBCN - deprecated:Approved,RBON:Approved,RBSN(S) - deprecated:Approved",	2021-09-09,Mohamed Mezred
SETIF/AIN ARNAT,,	1936-01-01,,Operational,Operational,Land (fixed),0-20000-0-60445|primary,Africa,,Algeria,36.1666666667,5.3166666667,1009,,,Office National de la Meteorologie Algeria,,,The station was originally registered based on WMO Pub 9 Vol A information containing these observation remarks: A;CLIMAT(C);EVAP;METAR;RBCN;RBSN(S);SPECI;SUNDUR (see code table A for explanations). These remarks imply the following additional observations that could not be registered automatically: none.,,,,,,"CLIMAT(C) - deprecated:Closed, GBON:Operational, RBCN - deprecated:Closed, RBON:Operational, RBSN(S) - deprecated:Closed","CLIMAT(C) - deprecated:Approved,GBON:Approved,RBCN - deprecated:Approved,RBON:Approved,RBSN(S) - deprecated:Approved",	2024-10-13,Abdelhadi HARROUZ
SIDI-BEL-ABBES,,	1884-01-01,,Operational,Operational,Land (fixed),0-20000-0-60520|primary,Africa,,Algeria,35.17388,-0.59527,482,,UTC+1,Office National de la Meteorologie Algeria,,,The station was originally registered based on WMO Pub 9 Vol A information containing these observation remarks: CLIMAT(C);METAR;RBCN;RBSN(S);SPECI;SUNDUR (see code table A for explanations). These remarks imply the following additional observations that could not be registered automatically: none.,Warm temperate - Dry and hot summer,Mosaic cropland (50-70%) / vegetation (grassland/shrubland/forest) (20-50%)(Surface cover types (GlobCover2009)),,(unknown) at low relative elevation within hills of middle altitude,,"CLIMAT(C) - deprecated:Closed, RBCN - deprecated:Closed, RBON:Operational, RBSN(S) - deprecated:Closed","CLIMAT(C) - deprecated:Approved,RBCN - deprecated:Approved,RBON:Approved,RBSN(S) - deprecated:Approved",	2021-09-09,Mohamed Mezred
SKIKDA,,	1958-01-01,,Operational,Operational,Land (fixed),0-20000-0-60355|primary,Africa,,Algeria,36.88178,6.93503,2,,,Office National de la Meteorologie Algeria,,,The station was originally registered based on WMO Pub 9 Vol A information containing these observation remarks: AUT;C;CLIMAT(C);EVAP;METAR;RBCN;RBSN(S);SPECI;SUNDUR (see code table A for explanations). These remarks imply the following additional observations that could not be registered automatically: none.,,,,,,"CLIMAT(C) - deprecated:Closed, RBCN - deprecated:Closed, RBON:Operational, RBSN(S) - deprecated:Closed","CLIMAT(C) - deprecated:Approved,RBCN - deprecated:Approved,RBON:Approved,RBSN(S) - deprecated:Approved",	2021-09-09,Mohamed Mezred
SOUK AHRAS,,	1986-01-01,,Operational,Operational,Land (fixed),0-20000-0-60423|primary,Africa,,Algeria,36.2975,7.92277,860,,UTC+1,Office National de la Meteorologie Algeria,,,The station was originally registered based on WMO Pub 9 Vol A information containing these observation remarks: CLIMAT(C);METAR;RBCN;RBSN(S);SPECI;SUNDUR (see code table A for explanations). These remarks imply the following additional observations that could not be registered automatically: none.,Steppe - Cold arid,Mosaic cropland (50-70%) / vegetation (grassland/shrubland/forest) (20-50%)(Surface cover types (GlobCover2009)),,(unknown) at middle relative elevation within hills of middle altitude,,"CLIMAT(C) - deprecated:Closed, RBCN - deprecated:Closed, RBON:Operational, RBSN(S) - deprecated:Closed","CLIMAT(C) - deprecated:Approved,RBCN - deprecated:Approved,RBON:Approved,RBSN(S) - deprecated:Approved",	2021-09-09,Mohamed Mezred
TABELBALA,,	2007-08-08,,Operational,Silent,Land (fixed),0-20000-0-60605|primary,Africa,,Algeria,29.4166666667,-3.25,550,,,Office National de la Meteorologie Algeria,,,The station was originally registered based on WMO Pub 9 Vol A information containing these observation remarks: AUT (see code table A for explanations). These remarks imply the following additional observations that could not be registered automatically: none.,,,,,,GOS General:Operational,GOS General:Approved,	2024-10-09,Abdelhadi HARROUZ
TADANTE,,	2007-10-19,,Silent,Silent,Land (fixed),0-20000-0-60673|primary,Africa,,Algeria,23.0333333333,7.8666666667,1179,,,Office National de la Meteorologie Algeria,,,The station was originally registered based on WMO Pub 9 Vol A information containing these observation remarks: AUT (see code table A for explanations). These remarks imply the following additional observations that could not be registered automatically: none.,,,,,,GOS General:Stand-by,GOS General:Approved,	2024-09-18,Abdelhadi HARROUZ
TALMINIE,,	2007-08-22,,Silent,Silent,Land (fixed),0-20000-0-60595|primary,Africa,,Algeria,29.1666666667,-0.3,,,,Office National de la Meteorologie Algeria,,,The station was originally registered based on WMO Pub 9 Vol A information containing these observation remarks: AUT (see code table A for explanations). These remarks imply the following additional observations that could not be registered automatically: none.,,,,,,GOS General:Stand-by,GOS General:Approved,	2024-09-18,Abdelhadi HARROUZ
TAMANRASSET,,	1924-01-01,,Operational,Operational,Land (fixed),0-20000-0-60680|primary,Africa,,Algeria,22.8253,5.45255,1372,,UTC+1,Office National de la Meteorologie Algeria,,,The station was originally registered based on WMO Pub 9 Vol A information containing these observation remarks: A;AUT;CLIMAT(C);EVAP;GSN;GUAN;METAR;RBCN;RBSN(ST);SUNDUR (see code table A for explanations). These remarks imply the following additional observations that could not be registered automatically: none.,Desert - Hot arid,Bare areas(Surface cover types (GlobCover2009)),,(unknown) at low relative elevation within valleys of high altitude,,"CLIMAT(C) - deprecated:Closed, GBON:Operational, GSN:Operational, GUAN:Operational, RBCN - deprecated:Closed, RBON:Operational, RBSN(ST) - deprecated:Closed","CLIMAT(C) - deprecated:Approved,GBON:Approved,GSN:Approved,GUAN:Approved,RBCN - deprecated:Approved,RBON:Approved,RBSN(ST) - deprecated:Approved",	2024-10-13,Abdelhadi HARROUZ
TAMAZGUIDA,,	2008-06-23,	2016-04-28,Closed,Unknown,Land (fixed),0-20000-0-60617|primary,Africa,,Algeria,27.3166666667,3.7166666667,354,,,Office National de la Meteorologie Algeria,,,The station was originally registered based on WMO Pub 9 Vol A information containing these observation remarks: AUT (see code table A for explanations). These remarks imply the following additional observations that could not be registered automatically: none.,,,,,,GOS General:Closed,GOS General:Approved,	2024-09-18,Abdelhadi HARROUZ
TAOUNDART,,	2007-08-03,	2016-04-28,Closed,Unknown,Land (fixed),0-20000-0-60674|primary,Africa,,Algeria,20.3833333333,2.4666666667,677,,,Office National de la Meteorologie Algeria,,,The station was originally registered based on WMO Pub 9 Vol A information containing these observation remarks: AUT (see code table A for explanations). These remarks imply the following additional observations that could not be registered automatically: none.,,,,,,GOS General:Closed,GOS General:Approved,	2024-09-18,Abdelhadi HARROUZ
TARF,,	2009-12-01,,Operational,Operational,Land (fixed),0-20000-0-60368|primary,Africa,,Algeria,36.75463,8.07933,3,,UTC+1,Office National de la Meteorologie Algeria,,,The station was originally registered based on WMO Pub 9 Vol A information containing these observation remarks: CLIMAT(C);METAR;SPECI;SUNDUR (see code table A for explanations). These remarks imply the following additional observations that could not be registered automatically: none.,Warm temperate - Dry and hot summer,Mosaic vegetation (grassland/shrubland/forest) (50-70%) / cropland (20-50%) (Surface cover types (GlobCover2009)),,(unknown) at lowest relative elevation within hills of very low altitude,,"CLIMAT(C) - deprecated:Closed, GOS General:Operational, RBON:Operational","CLIMAT(C) - deprecated:Approved,GOS General:Approved,RBON:Approved",	2021-09-09,Mohamed Mezred
TEBESSA,,	1951-01-02,,Operational,Operational,Land (fixed),0-20000-0-60475|primary,Africa,,Algeria,35.42861,8.11527,814,,UTC+1,Office National de la Meteorologie Algeria,,,The station was originally registered based on WMO Pub 9 Vol A information containing these observation remarks: A;CLIMAT(C);EVAP;METAR;RBCN;RBSN(S);SUNDUR (see code table A for explanations). These remarks imply the following additional observations that could not be registered automatically: none.,Steppe - Cold arid,Artificial surfaces and associated areas (Urban areas >50%)(Surface cover types (GlobCover2009)),,(unknown) at low relative elevation within hills of high altitude,,"CLIMAT(C) - deprecated:Closed, GBON:Operational, RBCN - deprecated:Closed, RBON:Operational, RBSN(S) - deprecated:Closed","CLIMAT(C) - deprecated:Approved,GBON:Approved,RBCN - deprecated:Approved,RBON:Approved,RBSN(S) - deprecated:Approved",	2024-10-15,Abdelhadi HARROUZ
TEGUENTOUR,TAGUENTOUR,	2007-11-14,,Operational,Silent,Land (fixed),0-20000-0-60619|primary,Africa,,Algeria,28.4666666667,2.5166666667,636,,,Office National de la Meteorologie Algeria,,,The station was originally registered based on WMO Pub 9 Vol A information containing these observation remarks: AUT (see code table A for explanations). These remarks imply the following additional observations that could not be registered automatically: none.,,,,,,GOS General:Operational,GOS General:Approved,	2024-09-18,Abdelhadi HARROUZ
TENES,,	1990-01-01,,Operational,Operational,Land (fixed),0-20000-0-60410|primary,Africa,,Algeria,36.51415,1.30711,17,,UTC+1,Office National de la Meteorologie Algeria,,,The station was originally registered based on WMO Pub 9 Vol A information containing these observation remarks: C;CLIMAT(C);EVAP;METAR;SPECI;SUNDUR (see code table A for explanations). These remarks imply the following additional observations that could not be registered automatically: none.,Warm temperate - Dry and hot summer,Mosaic vegetation (grassland/shrubland/forest) (50-70%) / cropland (20-50%) (Surface cover types (GlobCover2009)),,(unknown) at lowest relative elevation within hills of low altitude,,"CLIMAT(C) - deprecated:Closed, GOS General:Operational, RBON:Operational","CLIMAT(C) - deprecated:Approved,GOS General:Approved,RBON:Approved",	2021-09-09,Mohamed Mezred
TESSALA EL MERDJA,,	2007-01-27,	2021-08-01,Closed,Silent,Land (fixed),0-20000-0-60380|primary,Africa,,Algeria,36.6166666667,2.9166666667,22,,,Office National de la Meteorologie Algeria,,,The station was originally registered based on WMO Pub 9 Vol A information containing these observation remarks: AUT (see code table A for explanations). These remarks imply the following additional observations that could not be registered automatically: none.,,,,,,GOS General:Closed,GOS General:Approved,	2024-10-02,Abdelhadi HARROUZ
TIARET,,	1982-12-01,,Operational,Operational,Land (fixed),0-20000-0-60511|primary,Africa,,Algeria,35.34542,1.46792,977,GPS,UTC+1,Office National de la Meteorologie Algeria,,,The station was originally registered based on WMO Pub 9 Vol A information containing these observation remarks: A;CLIMAT(C);EVAP;METAR;RBCN;RBSN(S);SPECI;SUNDUR (see code table A for explanations). These remarks imply the following additional observations that could not be registered automatically: none.,Steppe - Cold arid,Mosaic cropland (50-70%) / vegetation (grassland/shrubland/forest) (20-50%)(Surface cover types (GlobCover2009)),,(unknown) at middle relative elevation within valleys of middle altitude,,"CLIMAT(C) - deprecated:Closed, GBON:Operational, RBCN - deprecated:Closed, RBON:Operational, RBSN(S) - deprecated:Closed","CLIMAT(C) - deprecated:Approved,GBON:Approved,RBCN - deprecated:Approved,RBON:Approved,RBSN(S) - deprecated:Approved",	2024-10-15,Abdelhadi HARROUZ
TIMIAOUINE,,	2007-08-01,,Operational,Silent,Land (fixed),0-20000-0-60689|primary,Africa,,Algeria,20.4166666667,1.8,685,,,Office National de la Meteorologie Algeria,,,The station was originally registered based on WMO Pub 9 Vol A information containing these observation remarks: AUT (see code table A for explanations). These remarks imply the following additional observations that could not be registered automatically: none.,,,,,,GOS General:Operational,GOS General:Approved,	2024-09-18,Abdelhadi HARROUZ
TIMIMOUN,,	1961-01-01,,Operational,Operational,Land (fixed),0-20000-0-60607|primary,Africa,,Algeria,29.24412,0.28385,312,,UTC+1,Office National de la Meteorologie Algeria,,,The station was originally registered based on WMO Pub 9 Vol A information containing these observation remarks: A;CLIMAT(C);METAR;RBCN;RBSN(S);SPECI;SUNDUR (see code table A for explanations). These remarks imply the following additional observations that could not be registered automatically: none.,Desert - Hot arid,Bare areas(Surface cover types (GlobCover2009)),,(unknown) at high relative elevation within rises of low altitude,,"CLIMAT(C) - deprecated:Closed, GBON:Operational, RBCN - deprecated:Closed, RBON:Operational, RBSN(S) - deprecated:Closed","CLIMAT(C) - deprecated:Approved,GBON:Approved,RBCN - deprecated:Approved,RBON:Approved,RBSN(S) - deprecated:Approved",	2024-10-13,Abdelhadi HARROUZ
TIN ZAOUATENE,,	2007-07-28,,Silent,Silent,Land (fixed),0-20000-0-60695|primary,Africa,,Algeria,19.9666666667,2.9833333333,,,,Office National de la Meteorologie Algeria,,,The station was originally registered based on WMO Pub 9 Vol A information containing these observation remarks: AUT (see code table A for explanations). These remarks imply the following additional observations that could not be registered automatically: none.,,,,,,GOS General:Stand-by,GOS General:Approved,	2024-09-18,Abdelhadi HARROUZ
TINALKOUN,,	2007-12-11,,Operational,Operational,Land (fixed),0-20000-0-60667|primary,Africa,,Algeria,24.6,10.2166666667,719,,,Office National de la Meteorologie Algeria,,,The station was originally registered based on WMO Pub 9 Vol A information containing these observation remarks: AUT (see code table A for explanations). These remarks imply the following additional observations that could not be registered automatically: none.,,,,,,GOS General:Operational,GOS General:Approved,	2024-10-13,Abdelhadi HARROUZ
TINDOUF,,	1963-01-01,,Operational,Operational,Land (fixed),0-20000-0-60656|primary,Africa,,Algeria,27.7041,-8.1692,443,,UTC+1,Office National de la Meteorologie Algeria,,,The station was originally registered based on WMO Pub 9 Vol A information containing these observation remarks: A;CLIMAT(C);EVAP;METAR;RBCN;RBSN(ST);SPECI;SUNDUR (see code table A for explanations). These remarks imply the following additional observations that could not be registered automatically: none.,Desert - Hot arid,Bare areas(Surface cover types (GlobCover2009)),,(unknown) at middle relative elevation within hollows of middle altitude,,"CLIMAT(C) - deprecated:Closed, GBON:Operational, RBCN - deprecated:Closed, RBON:Operational, RBSN(ST) - deprecated:Closed","CLIMAT(C) - deprecated:Approved,GBON:Approved,RBCN - deprecated:Approved,RBON:Approved,RBSN(ST) - deprecated:Approved",	2024-10-13,Abdelhadi HARROUZ
TINFOUYE,,	2016-12-04,,Operational,Operational,Land (fixed),0-20000-0-60639|primary,Africa,,Algeria,28.43679,7.55148,472,,UTC+1,Office National de la Meteorologie Algeria,,,The station was originally registered based on WMO Pub 9 Vol A information containing these observation remarks: AUT (see code table A for explanations). These remarks imply the following additional observations that could not be registered automatically: none.,Desert - Hot arid,Bare areas(Surface cover types (GlobCover2009)),,(unknown) at middle relative elevation within rises of middle altitude,,"GBON:Operational, GOS General:Stand-by","GBON:Approved,GOS General:Approved",	2024-10-09,Abdelhadi HARROUZ
TINTARABINE,,	2008-01-29,,Silent,Silent,Land (fixed),0-20000-0-60682|primary,Africa,,Algeria,23.1833333333,6.7666666667,1105,,,Office National de la Meteorologie Algeria,,,The station was originally registered based on WMO Pub 9 Vol A information containing these observation remarks: AUT (see code table A for explanations). These remarks imply the following additional observations that could not be registered automatically: none.,,,,,,GOS General:Stand-by,GOS General:Approved,	2024-09-18,Abdelhadi HARROUZ
TIREK,,	2007-08-05,	2016-04-28,Closed,Unknown,Land (fixed),0-20000-0-60688|primary,Africa,,Algeria,21.5666666667,2.5833333333,561,,,Office National de la Meteorologie Algeria,,,The station was originally registered based on WMO Pub 9 Vol A information containing these observation remarks: AUT (see code table A for explanations). These remarks imply the following additional observations that could not be registered automatically: none.,,,,,,GOS General:Closed,GOS General:Approved,	2024-09-18,Abdelhadi HARROUZ
TIRIRINE,,	2016-12-04,,Operational,Partly operational,Land (fixed),0-20000-0-60612|primary,Africa,,Algeria,22.05,8.5833333333,770,,UTC+1,Office National de la Meteorologie Algeria,,,The station was originally registered based on WMO Pub 9 Vol A information containing these observation remarks: AUT (see code table A for explanations). These remarks imply the following additional observations that could not be registered automatically: none.,,,,,,GOS General:Operational,GOS General:Approved,	2024-10-13,Abdelhadi HARROUZ
TIZI-OUZOU,,	1990-01-01,,Operational,Operational,Land (fixed),0-20000-0-60395|primary,Africa,,Algeria,36.72421,4.01861,153,,UTC+1,Office National de la Meteorologie Algeria,,,The station was originally registered based on WMO Pub 9 Vol A information containing these observation remarks: CLIMAT(C);EVAP;METAR;RBCN;RBSN(S);SUNDUR (see code table A for explanations). These remarks imply the following additional observations that could not be registered automatically: none.,Warm temperate - Dry and hot summer,Mosaic cropland (50-70%) / vegetation (grassland/shrubland/forest) (20-50%)(Surface cover types (GlobCover2009)),,(unknown) at low relative elevation within hills of middle altitude,,"CLIMAT(C) - deprecated:Closed, RBCN - deprecated:Closed, RBON:Operational, RBSN(S) - deprecated:Closed","CLIMAT(C) - deprecated:Approved,RBCN - deprecated:Approved,RBON:Approved,RBSN(S) - deprecated:Approved",	2021-09-09,Mohamed Mezred
TLEMCEN-ZENATA,,	1980-09-01,,Operational,Operational,Land (fixed),0-20000-0-60531|primary,Africa,,Algeria,35.01888,-1.44472,246.1,,,Office National de la Meteorologie Algeria,,,The station was originally registered based on WMO Pub 9 Vol A information containing these observation remarks: A;AUT;CLIMAT(C);EVAP;METAR;RBCN;RBSN(S);SOLRA;SUNDUR (see code table A for explanations). These remarks imply the following additional observations that could not be registered automatically: Solar radiation measurements.,,,,,,"CLIMAT(C) - deprecated:Closed, GBON:Operational, RBCN - deprecated:Closed, RBON:Operational, RBSN(S) - deprecated:Closed","CLIMAT(C) - deprecated:Approved,GBON:Approved,RBCN - deprecated:Approved,RBON:Approved,RBSN(S) - deprecated:Approved",	2024-10-13,Abdelhadi HARROUZ
TOUGGOURT,,	1976-01-01,,Operational,Operational,Land (fixed),0-20000-0-60555|primary,Africa,,Algeria,33.07011,6.09208,87.1,,UTC+1,Office National de la Meteorologie Algeria,,,The station was originally registered based on WMO Pub 9 Vol A information containing these observation remarks: A;CLIMAT(C);METAR;RBCN;RBSN(S);SPECI;SUNDUR (see code table A for explanations). These remarks imply the following additional observations that could not be registered automatically: none.,Desert - Hot arid,Sparse (<15%) vegetation(Surface cover types (GlobCover2009)),,(unknown) at middle relative elevation within hollows of very low altitude,,"CLIMAT(C) - deprecated:Closed, GBON:Operational, RBCN - deprecated:Closed, RBON:Operational, RBSN(S) - deprecated:Closed","CLIMAT(C) - deprecated:Approved,GBON:Approved,RBCN - deprecated:Approved,RBON:Approved,RBSN(S) - deprecated:Approved",	2024-10-13,Abdelhadi HARROUZ
Tamanrasset,,	1994-04-01,,Operational,Unknown,Land (fixed),0-20008-0-TAM|primary,Africa,,Algeria,22.7833328247,5.5166668892,1377,,UTC+1,,http://www.meteo.dz/html/station_vag.htm,,"The station is located at the headquarters of the Office National de la MÃ©teorologie , direction rÃ©gionale sud of Tamanrasset (70.000 inhabitants) in the Saharan desert. The area is free of industrial activities. Local sources of pollution include a small but increasing number of private vehicles.",Desert - Hot arid,,,,,"AERONET:Operational, GAW Global:Operational","AERONET:Approved,GAW Global:Approved",	2023-09-21,Sidi BAIKA
